age,income,employment,purpose,amount,interest,percent_income,grade,credit_history,default_history,default
21,9600,5.0,EDUCATION,1000,11.14,0.1,B,2,False,False
21,10000,2.0,HOMEIMPROVEMENT,4500,8.63,0.45,A,2,False,True
24,10980,0.0,PERSONAL,1500,7.29,0.14,A,3,False,False
23,11000,0.0,PERSONAL,1400,9.32,0.13,A,3,False,False
21,11520,5.0,MEDICAL,2000,11.12,0.17,B,3,False,True
23,300000,1.0,EDUCATION,24250,19.41,0.08,F,2,True,False
26,300000,9.0,HOMEIMPROVEMENT,10000,10.38,0.03,B,4,False,False
22,275000,6.0,VENTURE,12000,11.58,0.04,B,2,False,False
26,260000,10.0,HOMEIMPROVEMENT,28000,10.99,0.11,B,3,False,False
26,12000,2.0,EDUCATION,6100,7.51,0.51,A,3,False,True
21,12000,0.0,PERSONAL,4200,13.48,0.35,C,4,True,True
22,12000,6.0,DEBTCONSOLIDATION,4750,7.14,0.4,A,2,False,True
24,12360,2.0,MEDICAL,1600,13.57,0.13,C,3,False,False
24,234000,8.0,HOMEIMPROVEMENT,20000,8.88,0.09,B,4,False,False
25,12600,3.0,PERSONAL,1750,13.61,0.14,C,3,False,False
25,12816,0.0,DEBTCONSOLIDATION,3000,12.87,0.23,C,4,True,True
23,12996,0.0,DEBTCONSOLIDATION,2400,13.49,0.18,C,2,True,True
23,13200,3.0,DEBTCONSOLIDATION,4950,7.9,0.38,A,4,False,True
21,13200,0.0,VENTURE,4500,12.98,0.34,C,4,False,True
26,210000,10.0,PERSONAL,22000,11.83,0.1,B,4,False,False
24,203500,8.0,MEDICAL,20000,13.04,0.1,C,3,False,False
23,13920,2.0,PERSONAL,7750,17.04,0.56,E,4,False,True
22,14400,2.0,MEDICAL,4000,10.99,0.28,B,3,False,True
24,14400,5.0,PERSONAL,6000,7.49,0.42,A,3,False,True
25,14400,7.0,EDUCATION,5375,5.79,0.37,A,2,False,True
23,189996,0.0,PERSONAL,24000,11.83,0.13,B,3,False,False
25,186000,9.0,VENTURE,10000,10.25,0.05,B,4,False,False
21,14400,4.0,VENTURE,6250,14.72,0.43,C,2,False,True
26,185000,10.0,PERSONAL,5000,7.68,0.03,A,2,False,False
23,184000,5.0,EDUCATION,2500,11.83,0.01,B,2,False,False
22,14400,0.0,PERSONAL,2100,11.14,0.15,B,4,False,False
21,15000,0.0,HOMEIMPROVEMENT,6200,7.9,0.41,A,2,False,True
26,180000,2.0,PERSONAL,25000,10.99,0.14,B,4,False,False
24,180000,8.0,EDUCATION,21000,11.48,0.12,B,3,False,False
25,180000,9.0,MEDICAL,20000,14.26,0.11,C,4,True,False
26,180000,0.0,HOMEIMPROVEMENT,10000,8.0,0.06,A,4,False,False
23,15000,4.0,VENTURE,4600,10.99,0.31,B,2,False,True
25,15000,2.0,HOMEIMPROVEMENT,1750,15.31,0.12,D,4,True,False
21,15000,0.0,HOMEIMPROVEMENT,3175,11.54,0.21,C,3,True,True
21,15600,5.0,VENTURE,1000,7.29,0.06,A,4,False,False
25,170000,4.0,EDUCATION,20000,12.53,0.12,B,4,False,False
23,16000,7.0,MEDICAL,6000,7.9,0.38,A,2,False,True
23,16000,7.0,PERSONAL,2000,6.39,0.13,A,3,False,False
22,16200,6.0,PERSONAL,2000,12.42,0.12,B,3,False,False
25,16400,1.0,PERSONAL,5000,8.94,0.3,A,4,False,True
23,16500,6.0,VENTURE,4375,9.63,0.27,B,4,False,True
25,160000,5.0,VENTURE,15000,11.14,0.09,B,4,False,False
22,18000,3.0,PERSONAL,3000,7.9,0.17,A,4,False,True
22,18000,1.0,HOMEIMPROVEMENT,3500,7.49,0.19,A,4,False,True
21,18000,3.0,HOMEIMPROVEMENT,4900,14.54,0.27,D,4,True,True
24,18000,0.0,HOMEIMPROVEMENT,6250,6.54,0.35,A,4,False,True
24,18000,6.0,PERSONAL,13000,7.88,0.72,A,3,False,True
21,18000,0.0,VENTURE,6250,10.62,0.35,B,4,False,True
21,18000,1.0,PERSONAL,2500,11.36,0.14,B,3,False,False
22,18000,1.0,MEDICAL,5400,15.31,0.3,D,2,True,True
22,18000,1.0,DEBTCONSOLIDATION,3000,9.96,0.17,B,3,False,True
21,19000,5.0,MEDICAL,6000,8.49,0.32,A,3,False,True
24,19000,3.0,MEDICAL,7400,13.85,0.39,C,2,False,True
25,19000,3.0,DEBTCONSOLIDATION,4000,7.4,0.21,A,3,False,True
22,19200,0.0,VENTURE,2400,10.59,0.13,B,3,False,False
22,19800,1.0,EDUCATION,2100,8.38,0.11,A,4,False,False
23,20000,0.0,PERSONAL,5000,11.71,0.25,B,4,False,False
22,20000,6.0,PERSONAL,9250,10.65,0.46,B,4,False,False
25,20000,0.0,PERSONAL,5650,15.99,0.28,D,2,True,False
23,20000,7.0,MEDICAL,1200,7.49,0.06,A,3,False,False
22,20000,3.0,EDUCATION,7500,5.79,0.38,A,4,False,False
22,20000,1.0,VENTURE,5000,14.72,0.25,C,3,False,False
24,20352,3.0,VENTURE,7750,6.91,0.38,A,3,False,False
21,20400,2.0,EDUCATION,1275,15.23,0.06,C,3,True,False
21,20400,5.0,MEDICAL,2400,11.49,0.12,B,4,False,False
24,20800,0.0,PERSONAL,5000,16.29,0.24,D,3,True,False
25,20868,0.0,VENTURE,5375,13.49,0.26,C,2,True,False
26,21600,5.0,EDUCATION,5200,12.42,0.24,B,3,False,False
23,21600,2.0,VENTURE,6000,12.68,0.28,C,4,False,False
22,21600,3.0,VENTURE,8500,6.54,0.39,A,4,False,False
23,21600,0.0,EDUCATION,4400,12.53,0.2,B,2,False,False
23,21996,4.0,PERSONAL,6000,13.23,0.27,C,4,False,False
24,22000,1.0,DEBTCONSOLIDATION,3000,16.0,0.14,D,2,True,False
21,22000,2.0,DEBTCONSOLIDATION,4000,15.05,0.18,D,4,False,False
22,22000,1.0,DEBTCONSOLIDATION,8500,15.05,0.39,D,4,False,False
24,22800,3.0,HOMEIMPROVEMENT,4750,11.36,0.21,B,3,False,False
23,23040,0.0,VENTURE,2000,11.11,0.09,B,3,False,False
24,24000,0.0,VENTURE,7100,12.42,0.3,B,3,False,False
22,24000,5.0,MEDICAL,8000,9.91,0.33,B,2,False,False
23,24000,2.0,EDUCATION,8000,15.62,0.33,D,2,False,False
24,24000,1.0,EDUCATION,2400,7.49,0.1,A,2,False,False
24,24000,5.0,VENTURE,4200,6.99,0.17,A,3,False,False
22,24000,3.0,EDUCATION,2500,10.59,0.1,B,2,False,False
22,24000,1.0,MEDICAL,6000,12.68,0.25,C,4,True,False
23,24000,0.0,PERSONAL,8000,5.79,0.33,A,3,False,False
24,24000,3.0,EDUCATION,3000,13.98,0.13,C,2,False,False
21,24000,2.0,MEDICAL,7000,11.86,0.29,B,2,False,False
25,24000,4.0,MEDICAL,5000,10.95,0.21,B,3,False,False
22,24000,6.0,MEDICAL,5000,12.21,0.21,B,3,False,False
25,24000,0.0,MEDICAL,7000,9.63,0.29,A,3,False,False
23,24000,1.0,EDUCATION,1500,12.21,0.06,B,2,False,False
21,24300,3.0,MEDICAL,4500,11.83,0.19,B,4,False,False
22,24449,2.0,VENTURE,1800,11.89,0.07,B,4,False,False
21,24996,3.0,EDUCATION,7000,15.58,0.28,D,2,False,False
21,24996,5.0,MEDICAL,6500,11.34,0.26,C,4,True,False
22,25000,1.0,MEDICAL,2400,14.27,0.1,C,2,True,False
23,25000,5.0,MEDICAL,7200,8.49,0.29,A,2,False,False
25,25000,5.0,HOMEIMPROVEMENT,2000,14.17,0.08,C,3,False,False
25,25000,2.0,VENTURE,1500,6.76,0.06,A,4,False,False
26,25000,7.0,VENTURE,11500,7.88,0.46,A,3,False,False
25,25000,3.0,EDUCATION,3000,6.76,0.12,A,2,False,False
22,25000,1.0,VENTURE,6000,11.89,0.24,B,2,False,False
25,25000,1.0,VENTURE,4800,12.53,0.19,C,3,False,False
25,25000,7.0,MEDICAL,1525,10.95,0.06,B,2,False,False
22,25062,4.0,DEBTCONSOLIDATION,4000,16.49,0.16,D,2,True,False
23,25100,7.0,EDUCATION,10800,14.59,0.43,D,3,True,False
26,25104,0.0,DEBTCONSOLIDATION,5400,16.49,0.22,D,2,False,False
24,25200,1.0,MEDICAL,3200,15.23,0.13,C,2,True,False
25,25200,5.0,HOMEIMPROVEMENT,1200,15.99,0.05,D,3,True,False
23,25200,3.0,EDUCATION,1000,11.48,0.04,B,4,False,False
22,25788,2.0,VENTURE,3500,12.18,0.14,B,2,False,False
23,26000,7.0,PERSONAL,2000,10.36,0.08,B,2,False,False
21,26000,5.0,EDUCATION,6000,5.79,0.23,A,2,False,False
26,26000,0.0,DEBTCONSOLIDATION,8500,16.45,0.33,E,3,False,True
21,26400,2.0,VENTURE,4000,7.51,0.15,A,4,False,False
23,26500,6.0,VENTURE,6000,8.0,0.23,A,3,False,False
23,27000,4.0,VENTURE,6400,7.9,0.24,A,2,False,False
22,27000,1.0,MEDICAL,4800,11.99,0.18,B,2,False,False
22,27000,0.0,MEDICAL,7750,10.37,0.29,B,3,False,False
22,27000,3.0,MEDICAL,6000,6.54,0.22,A,4,False,False
24,27000,9.0,MEDICAL,9475,8.94,0.35,A,3,False,False
26,27600,2.0,VENTURE,2500,11.71,0.09,B,3,False,False
24,27600,8.0,MEDICAL,7000,7.9,0.25,A,4,False,False
23,27996,1.0,PERSONAL,4800,15.99,0.17,D,2,True,False
22,27996,5.0,MEDICAL,5000,5.79,0.18,A,2,False,False
23,27996,1.0,EDUCATION,4200,14.72,0.15,C,4,True,False
23,28000,6.0,VENTURE,7000,9.99,0.25,B,4,False,False
25,28000,4.0,VENTURE,12200,12.53,0.44,B,4,False,False
26,28000,5.0,PERSONAL,4000,15.37,0.14,D,3,False,False
25,28176,3.0,MEDICAL,1000,9.63,0.04,B,4,False,False
24,28500,4.0,VENTURE,3500,14.59,0.12,D,3,False,False
21,28500,0.0,EDUCATION,4800,12.87,0.17,C,3,False,False
26,28800,8.0,EDUCATION,6000,8.9,0.21,A,3,False,False
22,28800,6.0,EDUCATION,8875,8.9,0.31,A,3,False,False
22,28800,2.0,DEBTCONSOLIDATION,10000,16.49,0.35,D,4,False,False
23,28800,2.0,PERSONAL,3000,11.11,0.1,B,4,False,False
24,28800,8.0,VENTURE,6000,10.74,0.21,B,2,False,False
23,29004,1.0,EDUCATION,2000,13.16,0.07,C,3,True,False
23,29120,0.0,EDUCATION,6400,8.94,0.22,A,4,False,False
22,29553,2.0,VENTURE,6000,7.49,0.2,A,4,False,False
22,30000,3.0,EDUCATION,8000,13.49,0.27,C,2,False,False
23,30000,1.0,PERSONAL,5000,6.62,0.17,A,2,False,False
21,30000,5.0,MEDICAL,9000,5.99,0.3,A,4,False,False
22,30000,6.0,EDUCATION,2500,7.29,0.08,A,3,False,False
26,30000,0.0,PERSONAL,5000,10.38,0.17,B,4,False,False
22,30000,4.0,PERSONAL,5000,11.12,0.17,B,2,False,False
23,30000,0.0,PERSONAL,3000,11.14,0.1,B,3,False,False
26,30000,0.0,PERSONAL,15000,13.22,0.5,C,2,False,False
26,30200,3.0,VENTURE,9200,10.99,0.3,B,2,False,False
23,30996,2.0,VENTURE,5000,11.86,0.16,B,2,False,False
24,31200,8.0,PERSONAL,10000,12.18,0.32,B,2,False,False
23,31577,6.0,EDUCATION,2500,6.92,0.08,A,4,False,False
21,32000,3.0,PERSONAL,4500,16.0,0.14,E,4,False,False
22,32000,1.0,MEDICAL,1200,9.96,0.04,B,2,False,False
23,32004,0.0,EDUCATION,9250,17.19,0.29,E,4,False,False
22,32004,0.0,EDUCATION,6600,9.07,0.21,A,3,False,False
21,32268,0.0,MEDICAL,8000,8.0,0.25,A,3,False,False
22,32968,6.0,EDUCATION,16500,8.9,0.5,A,4,False,False
22,33000,6.0,PERSONAL,12000,9.91,0.36,B,2,False,False
23,33012,2.0,EDUCATION,12200,10.99,0.37,B,4,False,False
23,33300,2.0,VENTURE,9000,13.57,0.27,C,4,True,False
22,33600,1.0,MEDICAL,5000,18.25,0.15,D,2,False,False
23,33800,4.0,EDUCATION,13000,15.31,0.38,D,4,True,False
22,33996,0.0,VENTURE,10000,14.96,0.29,D,3,True,False
23,34000,7.0,VENTURE,10950,7.29,0.32,A,2,False,False
21,34056,6.0,PERSONAL,1500,10.65,0.04,B,3,False,False
23,35000,7.0,MEDICAL,5000,11.71,0.14,B,4,False,False
26,35000,3.0,HOMEIMPROVEMENT,4800,6.03,0.14,A,2,False,False
21,35000,3.0,EDUCATION,5000,14.27,0.14,C,3,True,False
24,35000,1.0,HOMEIMPROVEMENT,7000,16.29,0.2,D,4,True,False
24,35000,1.0,MEDICAL,10000,7.9,0.29,A,4,False,False
22,35000,1.0,EDUCATION,8000,12.69,0.23,B,4,False,False
21,35000,5.0,VENTURE,8000,9.91,0.23,B,3,False,False
23,35000,2.0,VENTURE,5500,5.42,0.16,A,2,False,False
21,35000,5.0,EDUCATION,4000,7.29,0.11,A,2,False,False
26,35000,1.0,VENTURE,5600,11.11,0.16,B,4,False,False
21,35000,5.0,EDUCATION,6500,13.43,0.19,C,2,False,False
25,35000,3.0,EDUCATION,3600,13.43,0.1,C,3,False,False
24,35000,2.0,VENTURE,3600,9.99,0.1,B,4,False,False
24,35000,1.0,VENTURE,3500,16.0,0.1,E,3,False,False
22,35004,3.0,VENTURE,3000,7.9,0.09,A,4,False,False
22,35004,1.0,VENTURE,9000,10.0,0.26,B,2,False,False
21,35004,5.0,VENTURE,1500,9.62,0.04,B,2,False,False
21,35004,0.0,EDUCATION,3000,15.58,0.09,D,3,False,False
24,35004,8.0,DEBTCONSOLIDATION,8000,14.96,0.23,D,4,False,False
22,35004,0.0,MEDICAL,10000,7.51,0.29,A,4,False,False
24,36000,5.0,PERSONAL,8000,10.65,0.22,B,2,False,False
25,36000,2.0,MEDICAL,8400,5.99,0.23,A,3,False,False
22,36000,6.0,EDUCATION,7500,9.63,0.21,B,2,False,False
23,36000,1.0,VENTURE,1800,6.54,0.05,A,4,False,False
23,36000,1.0,MEDICAL,14600,12.61,0.41,C,2,True,False
23,36000,7.0,EDUCATION,6000,8.88,0.17,B,2,False,False
23,36000,3.0,EDUCATION,8500,7.51,0.24,A,3,False,False
23,36000,2.0,VENTURE,15000,11.36,0.42,B,4,False,False
21,36000,5.0,EDUCATION,8800,13.85,0.24,C,2,False,False
23,36000,2.0,VENTURE,5000,12.87,0.14,C,3,True,False
22,36000,4.0,EDUCATION,5000,14.61,0.14,D,2,False,False
23,36996,4.0,MEDICAL,10000,7.51,0.27,A,3,False,False
23,37000,0.0,EDUCATION,6000,8.9,0.16,A,3,False,False
25,37000,0.0,VENTURE,10000,15.96,0.27,C,3,False,False
25,37560,4.0,HOMEIMPROVEMENT,5000,10.99,0.13,B,3,False,False
23,38000,2.0,VENTURE,5000,12.99,0.13,C,4,False,False
23,38000,0.0,VENTURE,17500,11.11,0.46,B,4,False,False
24,38000,0.0,VENTURE,8500,13.11,0.22,C,2,False,False
21,38000,1.0,MEDICAL,5000,8.94,0.13,A,2,False,False
25,38400,9.0,EDUCATION,1000,6.62,0.03,A,2,False,False
22,38400,5.0,EDUCATION,10000,13.99,0.26,C,2,False,False
26,38400,2.0,EDUCATION,5550,9.99,0.14,B,2,False,False
26,38400,1.0,PERSONAL,15500,11.99,0.4,B,3,False,False
25,38400,4.0,VENTURE,12500,13.06,0.33,C,2,True,False
23,38400,5.0,EDUCATION,7675,10.0,0.2,B,4,False,False
22,38400,6.0,PERSONAL,10000,14.72,0.26,C,3,False,False
23,38400,7.0,PERSONAL,6000,13.24,0.16,D,3,True,False
23,39120,4.0,MEDICAL,7000,11.71,0.18,B,3,False,False
22,39124,6.0,VENTURE,5000,7.74,0.13,A,4,False,False
24,39456,8.0,PERSONAL,1325,6.62,0.03,A,2,False,False
23,39456,7.0,EDUCATION,14000,7.29,0.35,A,3,False,False
21,39600,5.0,PERSONAL,3500,6.62,0.09,A,3,False,False
23,39996,1.0,MEDICAL,11000,9.63,0.28,B,3,False,False
26,39996,10.0,VENTURE,7000,13.57,0.18,C,3,True,False
21,40000,0.0,EDUCATION,2500,14.27,0.06,C,2,False,False
23,40000,7.0,MEDICAL,5000,8.49,0.13,A,4,False,False
24,40000,6.0,EDUCATION,2800,8.49,0.07,A,4,False,False
25,40000,0.0,MEDICAL,11000,8.49,0.28,A,2,False,False
26,40000,0.0,MEDICAL,4300,10.74,0.11,B,2,False,False
22,40000,5.0,MEDICAL,6000,9.25,0.15,B,3,False,False
24,40000,0.0,PERSONAL,6900,6.91,0.17,A,3,False,False
25,40000,3.0,EDUCATION,12000,14.83,0.3,D,4,False,False
24,40000,6.0,VENTURE,1000,6.76,0.03,A,3,False,False
26,40000,0.0,HOMEIMPROVEMENT,10000,11.86,0.25,B,4,False,False
24,40000,4.0,PERSONAL,2000,14.35,0.05,C,2,False,False
25,40000,0.0,EDUCATION,8000,10.38,0.2,B,4,False,False
21,40000,6.0,VENTURE,5600,10.25,0.14,B,3,False,False
22,40000,0.0,VENTURE,6400,14.22,0.16,C,2,True,False
24,40000,1.0,HOMEIMPROVEMENT,9000,8.94,0.23,A,3,False,False
24,40000,8.0,HOMEIMPROVEMENT,7500,13.22,0.19,C,3,False,False
23,40000,6.0,VENTURE,12000,11.14,0.3,B,3,False,False
22,40000,0.0,EDUCATION,6000,11.48,0.15,B,4,False,False
24,40000,4.0,MEDICAL,1000,7.37,0.03,A,2,False,False
24,40000,6.0,MEDICAL,5000,11.86,0.13,D,4,False,False
22,40800,6.0,VENTURE,10000,12.61,0.25,C,2,True,False
24,40800,0.0,VENTURE,14400,14.35,0.35,C,2,False,False
23,40900,5.0,MEDICAL,12200,11.36,0.3,B,4,False,False
22,41000,0.0,PERSONAL,1000,6.99,0.02,A,2,False,False
24,41000,9.0,HOMEIMPROVEMENT,10000,15.33,0.24,D,4,False,False
22,41000,6.0,MEDICAL,2500,14.96,0.06,D,4,True,False
21,41000,5.0,PERSONAL,5000,7.74,0.12,A,3,False,False
25,41004,9.0,VENTURE,4000,6.76,0.1,A,3,False,False
24,41100,2.0,VENTURE,9200,12.42,0.22,B,2,False,False
21,41200,3.0,PERSONAL,8000,11.48,0.19,B,3,False,False
25,41520,9.0,MEDICAL,4400,7.29,0.11,A,2,False,False
22,41600,4.0,EDUCATION,12000,12.42,0.29,B,2,False,False
22,41717,5.0,VENTURE,20000,11.12,0.48,B,4,False,False
25,41718,3.0,VENTURE,5000,7.51,0.12,A,2,False,False
24,42000,8.0,EDUCATION,8000,6.62,0.19,A,4,False,False
23,42000,5.0,VENTURE,6500,6.03,0.15,A,2,False,False
22,42000,6.0,PERSONAL,10000,6.03,0.24,A,2,False,False
21,42000,5.0,EDUCATION,5000,17.49,0.12,D,2,False,False
21,42000,5.0,MEDICAL,8000,9.99,0.19,B,4,False,False
23,42000,0.0,PERSONAL,6000,5.42,0.14,A,2,False,False
22,42000,2.0,VENTURE,9000,7.66,0.21,A,2,False,False
24,42000,7.0,VENTURE,12000,7.66,0.29,A,3,False,False
21,42000,5.0,VENTURE,12250,8.88,0.29,B,4,False,False
24,42000,7.0,MEDICAL,3000,7.51,0.07,A,2,False,False
23,42000,7.0,PERSONAL,4400,11.89,0.1,B,4,False,False
25,42000,9.0,HOMEIMPROVEMENT,8000,9.63,0.19,A,2,False,False
24,42000,1.0,VENTURE,7500,10.51,0.18,B,3,False,False
25,42240,10.0,HOMEIMPROVEMENT,8000,6.62,0.19,A,4,False,False
25,42642,8.0,EDUCATION,10000,15.76,0.23,F,3,True,False
22,42900,7.0,EDUCATION,2000,10.74,0.05,B,4,False,False
23,42900,6.0,MEDICAL,1000,6.76,0.02,A,3,False,False
25,42996,1.0,VENTURE,7200,14.11,0.17,D,4,False,False
22,43000,2.0,VENTURE,22800,12.69,0.53,B,2,False,False
22,43000,5.0,VENTURE,3500,11.49,0.08,B,3,False,False
22,43000,6.0,EDUCATION,7750,7.66,0.18,A,2,False,False
25,43000,5.0,VENTURE,8000,7.14,0.19,A,4,False,False
22,43000,7.0,PERSONAL,6000,7.74,0.14,A,4,False,False
26,43200,1.0,EDUCATION,17000,13.49,0.39,C,2,True,False
23,43200,6.0,VENTURE,13000,15.95,0.3,E,2,False,False
23,43200,6.0,EDUCATION,2000,14.35,0.05,C,4,False,False
25,43200,9.0,VENTURE,13800,11.48,0.32,B,2,False,False
22,43200,6.0,PERSONAL,10000,9.63,0.23,A,3,False,False
22,43200,6.0,EDUCATION,6000,7.68,0.14,A,3,False,False
23,44000,7.0,VENTURE,6400,7.51,0.15,A,3,False,False
24,44000,9.0,VENTURE,6000,15.96,0.14,C,4,True,False
24,44000,8.0,VENTURE,14500,7.29,0.33,A,2,False,False
23,44000,7.0,VENTURE,5000,13.23,0.11,C,2,False,False
24,44000,8.0,PERSONAL,9000,15.31,0.2,D,2,True,False
23,44340,0.0,VENTURE,3000,12.98,0.07,C,3,True,False
25,44400,1.0,PERSONAL,5000,12.72,0.11,C,3,True,False
24,44475,1.0,VENTURE,5000,10.65,0.11,B,3,False,False
21,44500,6.0,EDUCATION,5000,13.87,0.11,D,3,True,False
24,44700,8.0,MEDICAL,14400,15.37,0.32,D,4,True,False
22,45000,4.0,PERSONAL,7000,6.62,0.16,A,3,False,False
24,45000,4.0,VENTURE,11000,7.49,0.24,A,2,False,False
25,45000,9.0,MEDICAL,3000,6.17,0.07,A,4,False,False
22,45000,6.0,EDUCATION,4750,6.39,0.11,A,2,False,False
22,45000,7.0,EDUCATION,6000,6.76,0.13,A,2,False,False
25,45000,5.0,VENTURE,10400,10.25,0.23,B,3,False,False
25,45000,1.0,PERSONAL,10000,12.87,0.22,C,2,True,False
23,45000,0.0,VENTURE,8000,12.84,0.18,C,2,True,False
23,45000,3.0,MEDICAL,7000,9.63,0.16,A,3,False,False
22,39000,0.0,EDUCATION,25000,16.08,0.64,F,3,False,True
23,45000,0.0,VENTURE,21000,9.76,0.47,B,3,False,False
25,45000,1.0,HOMEIMPROVEMENT,9000,11.03,0.2,C,2,False,False
25,45000,0.0,EDUCATION,6500,10.28,0.14,C,2,True,False
23,45500,5.0,EDUCATION,14000,14.72,0.31,C,2,True,False
23,45600,7.0,MEDICAL,1000,9.62,0.02,B,4,False,False
22,45600,6.0,MEDICAL,1800,13.48,0.04,C,4,False,False
26,45608,8.0,HOMEIMPROVEMENT,11000,6.62,0.24,A,2,False,False
23,45843,2.0,VENTURE,11000,11.71,0.24,B,3,False,False
21,45996,5.0,VENTURE,10000,5.79,0.22,A,3,False,False
25,45996,9.0,PERSONAL,25000,12.18,0.54,B,3,False,False
23,45996,7.0,EDUCATION,10000,13.16,0.22,C,3,False,False
23,46000,6.0,EDUCATION,8000,11.48,0.17,B,4,False,False
21,46000,5.0,VENTURE,10000,14.74,0.22,D,3,True,False
25,40800,5.0,HOMEIMPROVEMENT,7000,19.03,0.17,E,4,False,True
22,46800,4.0,EDUCATION,11500,7.51,0.25,A,4,False,False
22,46976,5.0,PERSONAL,11000,14.26,0.23,C,2,True,False
25,47000,9.0,PERSONAL,7000,7.51,0.15,A,4,False,False
25,47000,9.0,VENTURE,4000,6.62,0.09,A,4,False,False
26,47000,8.0,VENTURE,12500,8.49,0.27,A,2,False,False
22,47000,6.0,MEDICAL,3000,5.42,0.06,A,3,False,False
24,47000,1.0,PERSONAL,6000,11.11,0.13,B,4,False,False
23,47000,4.0,MEDICAL,7000,7.51,0.15,A,3,False,False
24,47211,8.0,VENTURE,10000,11.83,0.21,B,3,False,False
24,48000,8.0,VENTURE,2200,15.27,0.05,C,4,True,False
23,48000,5.0,MEDICAL,2400,12.69,0.05,B,4,False,False
22,48000,6.0,VENTURE,12000,6.03,0.25,A,3,False,False
22,48000,0.0,VENTURE,1500,16.29,0.03,D,3,False,False
23,48000,7.0,EDUCATION,20000,11.71,0.42,B,4,False,False
25,48000,0.0,PERSONAL,6000,10.65,0.13,B,2,False,False
23,48000,7.0,MEDICAL,2500,5.42,0.05,A,3,False,False
24,48000,5.0,VENTURE,4400,5.99,0.09,A,4,False,False
22,48000,6.0,VENTURE,4800,8.49,0.1,A,4,False,False
26,48000,3.0,VENTURE,3600,13.49,0.07,C,4,False,False
23,48000,4.0,VENTURE,7000,10.74,0.15,B,4,False,False
24,48000,4.0,EDUCATION,3000,5.79,0.06,A,4,False,False
23,48000,5.0,VENTURE,2550,11.86,0.05,B,3,False,False
25,48000,7.0,EDUCATION,15000,10.25,0.31,B,4,False,False
25,48000,0.0,VENTURE,7500,7.05,0.16,A,3,False,False
23,48000,8.0,EDUCATION,6000,12.87,0.13,C,2,True,False
24,48000,3.0,HOMEIMPROVEMENT,2800,12.53,0.06,C,4,True,False
24,48000,5.0,VENTURE,10400,7.37,0.22,A,3,False,False
24,48000,8.0,PERSONAL,1300,9.07,0.03,A,4,False,False
22,48000,4.0,PERSONAL,2400,11.46,0.05,B,3,False,False
23,48000,6.0,EDUCATION,5000,10.08,0.1,B,4,False,False
23,48600,2.0,MEDICAL,5000,7.49,0.1,A,2,False,False
25,49000,4.0,HOMEIMPROVEMENT,2500,6.76,0.05,A,4,False,False
22,49140,0.0,EDUCATION,3000,13.16,0.06,C,2,False,False
24,49200,8.0,EDUCATION,4000,13.06,0.08,C,4,False,False
26,49200,11.0,HOMEIMPROVEMENT,10750,11.11,0.22,B,3,False,False
26,49441,11.0,HOMEIMPROVEMENT,12000,6.99,0.24,A,4,False,False
23,50000,7.0,EDUCATION,10000,11.71,0.2,B,3,False,False
23,50000,5.0,VENTURE,7000,8.9,0.14,A,4,False,False
24,50000,5.0,DEBTCONSOLIDATION,15000,16.29,0.3,D,4,False,False
23,50000,4.0,PERSONAL,12600,11.71,0.25,B,4,False,False
24,50000,5.0,VENTURE,5000,12.69,0.1,B,3,False,False
24,50000,7.0,HOMEIMPROVEMENT,20000,12.69,0.4,B,2,False,False
26,50000,10.0,VENTURE,9825,7.9,0.2,A,4,False,False
25,50000,9.0,EDUCATION,9175,19.42,0.18,E,4,False,False
26,50000,6.0,EDUCATION,3000,9.91,0.06,B,2,False,False
22,50000,6.0,EDUCATION,1000,9.91,0.02,B,2,False,False
26,50000,8.0,PERSONAL,4200,12.99,0.08,C,4,True,False
26,50000,10.0,PERSONAL,14400,7.49,0.29,A,4,False,False
23,50000,0.0,VENTURE,2800,10.59,0.06,B,2,False,False
26,50000,10.0,PERSONAL,7500,5.99,0.15,A,2,False,False
23,50000,7.0,VENTURE,2050,7.49,0.04,A,2,False,False
22,50000,4.0,PERSONAL,5000,12.62,0.1,B,3,False,False
26,50000,7.0,MEDICAL,12000,8.49,0.24,A,4,False,False
23,50000,4.0,VENTURE,4800,5.99,0.1,A,3,False,False
22,50000,6.0,VENTURE,6400,6.92,0.13,A,4,False,False
22,50000,3.0,EDUCATION,5000,7.29,0.1,A,4,False,False
22,50000,2.0,EDUCATION,5600,11.86,0.11,B,2,False,False
26,50000,11.0,HOMEIMPROVEMENT,1800,11.49,0.04,B,4,False,False
23,50000,3.0,PERSONAL,1500,11.49,0.03,B,2,False,False
26,50000,5.0,MEDICAL,3250,7.51,0.07,A,2,False,False
25,50000,9.0,VENTURE,12000,13.98,0.24,C,2,False,False
22,50000,2.0,VENTURE,6000,14.22,0.12,C,2,False,False
23,50000,3.0,VENTURE,5000,8.94,0.1,A,3,False,False
22,50000,3.0,EDUCATION,6000,8.94,0.12,A,2,False,False
26,50000,4.0,HOMEIMPROVEMENT,10000,13.47,0.2,C,2,True,False
23,50000,0.0,MEDICAL,10200,9.63,0.2,A,4,False,False
23,50000,0.0,VENTURE,14000,10.33,0.28,B,2,False,False
22,50000,4.0,VENTURE,16000,9.45,0.32,B,4,False,False
22,50000,6.0,MEDICAL,15000,8.63,0.3,A,2,False,False
25,50004,1.0,VENTURE,10000,7.29,0.2,A,3,False,False
24,50004,2.0,MEDICAL,10000,11.12,0.2,B,2,False,False
22,50004,0.0,VENTURE,5000,14.26,0.1,C,4,True,False
26,50004,2.0,HOMEIMPROVEMENT,11000,13.87,0.22,D,4,True,False
23,50052,8.0,PERSONAL,15000,9.63,0.3,B,4,False,False
23,50400,7.0,EDUCATION,7000,15.99,0.14,D,2,False,False
25,50400,0.0,HOMEIMPROVEMENT,6000,14.59,0.12,D,2,False,False
26,50400,0.0,VENTURE,6725,10.62,0.13,B,4,False,False
21,50460,4.0,VENTURE,6000,13.49,0.12,C,3,False,False
22,50500,6.0,VENTURE,6000,11.83,0.12,B,2,False,False
23,50508,8.0,PERSONAL,7500,10.83,0.15,B,4,False,False
25,50600,3.0,PERSONAL,3000,7.51,0.06,A,2,False,False
25,50988,9.0,HOMEIMPROVEMENT,4200,9.99,0.08,B,3,False,False
22,51000,0.0,VENTURE,16000,7.9,0.31,A,3,False,False
23,51000,7.0,PERSONAL,6000,5.42,0.12,A,4,False,False
24,51000,8.0,HOMEIMPROVEMENT,9000,7.14,0.18,A,3,False,False
24,51000,6.0,VENTURE,6000,10.75,0.12,B,2,False,False
24,51000,9.0,VENTURE,10000,15.31,0.2,D,2,True,False
22,51300,6.0,PERSONAL,11200,15.31,0.22,D,3,True,False
26,51500,10.0,HOMEIMPROVEMENT,15000,6.92,0.29,A,2,False,False
26,51600,10.0,HOMEIMPROVEMENT,15000,9.88,0.29,B,3,False,False
26,51700,2.0,HOMEIMPROVEMENT,13200,7.51,0.26,A,4,False,False
22,51996,6.0,VENTURE,8400,12.98,0.16,C,4,True,False
22,51996,7.0,VENTURE,6000,10.75,0.12,B,2,False,False
21,52000,1.0,EDUCATION,13200,12.42,0.25,B,2,False,False
26,52000,10.0,PERSONAL,10000,8.9,0.19,A,3,False,False
26,52000,10.0,VENTURE,8000,8.49,0.15,A,3,False,False
26,52000,10.0,EDUCATION,5000,15.65,0.1,D,4,True,False
24,52000,4.0,DEBTCONSOLIDATION,7000,14.09,0.13,D,4,True,False
23,52000,2.0,EDUCATION,6000,10.75,0.12,B,4,False,False
24,52000,8.0,EDUCATION,4000,10.62,0.08,B,4,False,False
25,46000,0.0,DEBTCONSOLIDATION,19750,16.7,0.43,E,4,True,True
23,52000,1.0,PERSONAL,10000,11.14,0.19,B,2,False,False
24,52000,8.0,PERSONAL,5000,7.4,0.1,A,2,False,False
23,52000,3.0,MEDICAL,9250,13.16,0.18,C,3,False,False
22,52800,5.0,EDUCATION,4800,17.49,0.09,D,3,True,False
25,53000,4.0,HOMEIMPROVEMENT,7200,9.91,0.14,B,3,False,False
26,53000,2.0,HOMEIMPROVEMENT,2500,9.91,0.05,B,2,False,False
21,53000,5.0,MEDICAL,3000,7.51,0.06,A,4,False,False
26,53000,3.0,VENTURE,6000,9.99,0.11,B,2,False,False
21,53000,5.0,PERSONAL,14400,11.36,0.27,B,3,False,False
26,53000,8.0,PERSONAL,16000,10.25,0.3,B,2,False,False
24,53000,3.0,HOMEIMPROVEMENT,9800,7.51,0.18,A,4,False,False
22,53000,7.0,VENTURE,2250,10.62,0.04,B,3,False,False
24,53000,8.0,MEDICAL,3350,6.76,0.06,A,2,False,False
25,53004,9.0,EDUCATION,2000,10.75,0.04,B,4,False,False
26,53100,10.0,VENTURE,13000,7.9,0.24,A,3,False,False
26,53400,3.0,EDUCATION,13600,10.99,0.25,B,4,False,False
25,53481,4.0,EDUCATION,15000,6.03,0.28,A,3,False,False
22,53947,0.0,PERSONAL,6400,9.62,0.12,B,4,False,False
22,54000,2.0,VENTURE,2000,10.99,0.04,B,3,False,False
21,54000,5.0,VENTURE,20000,10.74,0.37,B,2,False,False
23,54000,7.0,VENTURE,6000,7.51,0.11,A,3,False,False
24,54000,8.0,EDUCATION,1200,13.11,0.02,C,3,True,False
24,54000,8.0,PERSONAL,10000,10.99,0.19,B,3,False,False
25,54000,5.0,HOMEIMPROVEMENT,8000,11.83,0.15,B,3,False,False
23,54000,4.0,DEBTCONSOLIDATION,2800,14.42,0.05,D,3,False,False
26,54080,10.0,EDUCATION,5000,7.51,0.09,A,3,False,False
24,54870,3.0,VENTURE,1000,8.59,0.02,A,2,False,False
24,54996,4.0,EDUCATION,10000,10.37,0.18,B,4,False,False
24,54996,0.0,VENTURE,12000,11.26,0.22,B,3,False,False
22,55000,6.0,MEDICAL,4800,11.99,0.09,B,2,False,False
23,55000,5.0,VENTURE,15000,13.49,0.27,C,2,False,False
22,55000,1.0,VENTURE,10000,10.99,0.18,B,3,False,False
24,55000,4.0,VENTURE,9000,16.49,0.16,D,2,True,False
25,55000,1.0,PERSONAL,6000,15.23,0.11,C,3,True,False
22,55000,2.0,EDUCATION,2200,5.42,0.04,A,3,False,False
23,55000,7.0,VENTURE,1000,11.49,0.02,B,4,False,False
23,55000,5.0,EDUCATION,11000,10.38,0.2,B,3,False,False
26,55000,10.0,VENTURE,14500,12.73,0.26,C,2,False,False
22,55000,4.0,DEBTCONSOLIDATION,5000,14.61,0.09,D,2,True,False
22,55000,0.0,VENTURE,1000,8.59,0.02,A,3,False,False
25,55000,9.0,EDUCATION,10000,13.57,0.18,C,2,True,False
22,55000,4.0,PERSONAL,2000,7.4,0.04,A,3,False,False
22,55000,6.0,EDUCATION,4000,9.32,0.07,A,4,False,False
23,55008,5.0,MEDICAL,10500,13.16,0.19,C,4,True,False
26,55316,10.0,HOMEIMPROVEMENT,6000,5.42,0.11,A,3,False,False
24,56000,8.0,VENTURE,2000,6.99,0.04,A,3,False,False
24,56000,8.0,EDUCATION,2000,11.49,0.04,B,2,False,False
23,56000,2.0,MEDICAL,15000,10.62,0.27,B,3,False,False
22,56004,5.0,EDUCATION,12000,13.98,0.21,C,3,False,False
26,56004,2.0,MEDICAL,10000,9.32,0.18,A,3,False,False
21,56400,5.0,VENTURE,5000,6.54,0.09,A,2,False,False
23,56600,3.0,MEDICAL,12000,10.38,0.21,B,2,False,False
23,56996,2.0,VENTURE,9575,9.63,0.17,A,4,False,False
21,57000,5.0,PERSONAL,8000,10.65,0.14,B,3,False,False
25,57000,9.0,MEDICAL,12000,10.59,0.21,B,3,False,False
25,57000,5.0,PERSONAL,12000,13.23,0.21,C,3,False,False
24,57000,8.0,EDUCATION,9000,8.0,0.16,A,4,False,False
23,57000,7.0,EDUCATION,4200,10.51,0.07,B,3,False,False
25,57000,4.0,MEDICAL,900,8.63,0.02,A,4,False,False
26,57068,2.0,VENTURE,1600,15.23,0.03,C,4,True,False
22,57600,6.0,VENTURE,6500,7.49,0.11,A,3,False,False
22,58000,6.0,EDUCATION,10000,14.83,0.17,D,2,False,False
23,58000,4.0,MEDICAL,6400,13.48,0.11,C,3,True,False
23,58000,4.0,MEDICAL,15000,10.25,0.26,B,3,False,False
22,58000,5.0,EDUCATION,4500,13.16,0.08,C,2,False,False
25,59000,6.0,HOMEIMPROVEMENT,5000,6.17,0.08,A,2,False,False
23,59004,3.0,VENTURE,4000,6.99,0.07,A,3,False,False
23,59928,7.0,EDUCATION,18000,6.91,0.3,A,3,False,False
23,60000,5.0,EDUCATION,16000,14.27,0.27,C,4,True,False
23,60000,2.0,MEDICAL,5000,6.03,0.08,A,3,False,False
25,60000,0.0,VENTURE,9000,9.91,0.15,B,3,False,False
22,60000,0.0,VENTURE,13250,7.9,0.22,A,3,False,False
22,60000,6.0,MEDICAL,1000,10.99,0.02,B,2,False,False
22,60000,7.0,VENTURE,15000,16.49,0.25,D,2,True,False
23,60000,8.0,EDUCATION,20000,7.49,0.33,A,3,False,False
24,60000,1.0,VENTURE,15000,16.89,0.25,D,2,True,False
25,60000,1.0,DEBTCONSOLIDATION,10000,16.49,0.17,D,3,False,False
23,60000,3.0,MEDICAL,10000,6.92,0.17,A,4,False,False
24,60000,7.0,PERSONAL,10000,10.37,0.17,B,4,False,False
25,60000,9.0,HOMEIMPROVEMENT,5000,7.29,0.08,A,4,False,False
25,60000,4.0,HOMEIMPROVEMENT,6500,6.17,0.11,A,3,False,False
24,60000,4.0,EDUCATION,5000,5.79,0.08,A,3,False,False
22,60000,3.0,PERSONAL,8700,15.58,0.14,D,4,True,False
25,60000,9.0,MEDICAL,16000,7.88,0.27,A,4,False,False
23,60000,1.0,VENTURE,2000,11.12,0.03,B,4,False,False
22,60000,6.0,EDUCATION,5900,11.12,0.1,B,2,False,False
25,60000,9.0,MEDICAL,4000,6.39,0.07,A,4,False,False
25,60000,8.0,EDUCATION,14000,11.12,0.23,B,2,False,False
25,60000,9.0,HOMEIMPROVEMENT,1400,14.22,0.02,C,3,True,False
25,60000,8.0,MEDICAL,25000,10.99,0.42,B,3,False,False
22,60000,6.0,EDUCATION,14000,7.88,0.23,A,2,False,False
22,60000,6.0,VENTURE,11500,7.88,0.19,A,2,False,False
25,60000,5.0,VENTURE,1200,13.85,0.02,C,2,False,False
23,60000,2.0,MEDICAL,18500,15.33,0.31,D,2,False,False
25,60000,10.0,EDUCATION,5500,10.99,0.09,B,2,False,False
23,60000,0.0,PERSONAL,8000,12.53,0.13,B,2,False,False
24,60000,9.0,MEDICAL,15000,11.83,0.25,B,4,False,False
25,60000,3.0,PERSONAL,16000,13.57,0.27,C,4,True,False
23,60000,4.0,VENTURE,10000,13.22,0.17,C,4,False,False
25,60000,9.0,HOMEIMPROVEMENT,3000,13.79,0.05,C,2,True,False
24,60400,5.0,VENTURE,5500,8.0,0.09,A,2,False,False
25,60500,6.0,PERSONAL,17000,12.42,0.28,B,2,False,False
25,61000,2.0,EDUCATION,15000,14.65,0.25,C,3,True,False
23,61000,1.0,PERSONAL,12000,11.71,0.2,B,2,False,False
26,61200,4.0,HOMEIMPROVEMENT,1500,12.84,0.02,C,2,True,False
23,61300,1.0,EDUCATION,9000,16.49,0.15,D,3,True,False
23,61360,3.0,MEDICAL,6125,8.59,0.1,A,4,False,False
22,61547,1.0,EDUCATION,24250,14.96,0.39,D,3,True,False
24,61717,8.0,PERSONAL,3200,7.68,0.05,A,4,False,False
25,61800,1.0,VENTURE,4000,7.75,0.06,A,4,False,False
25,62000,7.0,VENTURE,3500,13.57,0.06,C,4,False,False
22,62000,1.0,VENTURE,10000,11.58,0.16,B,2,False,False
24,62500,8.0,PERSONAL,6500,13.22,0.1,C,2,True,False
24,56972,6.0,DEBTCONSOLIDATION,15000,16.4,0.26,E,4,False,True
24,63000,0.0,HOMEIMPROVEMENT,17600,8.94,0.28,A,4,False,False
26,63180,4.0,HOMEIMPROVEMENT,5825,13.43,0.09,C,2,True,False
26,63400,0.0,VENTURE,20000,9.62,0.32,B,3,False,False
22,63600,1.0,VENTURE,4000,6.76,0.06,A,2,False,False
22,64000,6.0,EDUCATION,15000,17.49,0.23,D,4,True,False
21,64000,5.0,MEDICAL,10000,7.66,0.16,A,3,False,False
25,64500,4.0,PERSONAL,12000,13.48,0.19,C,4,True,False
26,64999,5.0,VENTURE,10000,13.98,0.15,C,3,True,False
23,65000,6.0,PERSONAL,6000,10.65,0.09,B,2,False,False
26,65000,1.0,HOMEIMPROVEMENT,4800,13.49,0.07,C,2,True,False
24,65000,6.0,PERSONAL,4400,16.89,0.07,D,2,False,False
22,65000,6.0,VENTURE,7000,11.49,0.11,B,4,False,False
24,65000,8.0,PERSONAL,6000,6.99,0.09,A,2,False,False
24,65000,8.0,EDUCATION,9000,7.29,0.14,A,4,False,False
23,65000,8.0,PERSONAL,9600,14.17,0.15,C,4,True,False
24,65000,8.0,VENTURE,12000,6.17,0.18,A,4,False,False
25,65000,1.0,VENTURE,12000,12.61,0.18,C,4,True,False
21,65000,5.0,MEDICAL,5000,5.79,0.08,A,4,False,False
24,65000,6.0,EDUCATION,3500,6.76,0.05,A,4,False,False
23,65000,7.0,MEDICAL,10000,13.98,0.15,C,4,False,False
25,65000,3.0,VENTURE,8700,7.88,0.13,A,3,False,False
24,65000,3.0,PERSONAL,6000,11.36,0.09,B,2,False,False
26,65000,3.0,MEDICAL,7000,13.92,0.11,C,3,True,False
22,65000,6.0,MEDICAL,3000,13.92,0.05,C,4,True,False
24,59000,2.0,MEDICAL,12000,17.74,0.2,E,2,True,True
22,65000,1.0,VENTURE,5000,15.37,0.08,D,4,False,False
25,65000,9.0,PERSONAL,7000,11.66,0.11,C,4,True,False
22,65004,3.0,VENTURE,4000,10.99,0.06,B,3,False,False
23,65004,5.0,VENTURE,7000,12.87,0.11,C,2,True,False
23,65280,4.0,MEDICAL,18000,10.99,0.28,B,4,False,False
24,65544,4.0,EDUCATION,5000,10.74,0.08,B,2,False,False
26,66000,0.0,HOMEIMPROVEMENT,18000,13.49,0.27,C,3,True,False
22,66000,6.0,EDUCATION,5000,7.9,0.08,A,4,False,False
22,66000,6.0,DEBTCONSOLIDATION,7500,17.58,0.11,D,4,True,False
25,66000,9.0,PERSONAL,15000,7.49,0.23,A,4,False,False
22,66000,1.0,VENTURE,15000,14.79,0.23,C,3,True,False
25,66252,10.0,MEDICAL,5000,12.53,0.08,C,4,True,False
23,66480,6.0,EDUCATION,4000,8.32,0.06,A,2,False,False
24,66600,3.0,VENTURE,7200,10.65,0.11,B,4,False,False
26,66948,11.0,PERSONAL,20000,10.95,0.3,B,4,False,False
22,66996,3.0,VENTURE,7000,14.72,0.1,C,3,True,False
24,67000,2.0,MEDICAL,16000,12.69,0.24,B,4,False,False
22,67000,5.0,EDUCATION,7500,16.29,0.11,D,3,True,False
23,67000,1.0,VENTURE,3250,6.76,0.05,A,2,False,False
22,67000,3.0,EDUCATION,12000,8.59,0.18,A,2,False,False
25,68000,8.0,HOMEIMPROVEMENT,6000,12.42,0.09,B,4,False,False
26,68000,6.0,PERSONAL,21000,13.92,0.31,C,4,False,False
24,68400,8.0,MEDICAL,6000,6.54,0.09,A,4,False,False
23,69000,7.0,MEDICAL,9000,5.99,0.13,A,3,False,False
23,69500,4.0,VENTURE,16800,7.51,0.24,A,3,False,False
25,69570,0.0,PERSONAL,1500,7.74,0.02,A,2,False,False
23,69600,7.0,VENTURE,1925,9.91,0.03,B,4,False,False
22,69996,2.0,MEDICAL,8000,12.84,0.11,C,4,True,False
26,70000,10.0,PERSONAL,10000,12.42,0.14,B,4,False,False
25,70000,4.0,PERSONAL,4000,7.42,0.06,A,2,False,False
23,70000,0.0,EDUCATION,3600,10.59,0.05,B,4,False,False
22,70000,3.0,MEDICAL,8000,5.79,0.11,A,3,False,False
23,70000,7.0,EDUCATION,16000,14.35,0.23,C,3,False,False
24,70000,4.0,VENTURE,8000,15.95,0.11,D,2,True,False
25,70000,4.0,HOMEIMPROVEMENT,12000,14.59,0.17,D,2,False,False
24,70000,0.0,EDUCATION,15000,12.18,0.21,B,2,False,False
25,70000,9.0,HOMEIMPROVEMENT,5000,8.59,0.07,A,3,False,False
22,70000,6.0,MEDICAL,12000,12.53,0.17,B,2,False,False
24,70000,8.0,PERSONAL,24250,12.18,0.35,B,2,False,False
22,70000,0.0,MEDICAL,15000,11.26,0.21,B,3,False,False
23,70500,2.0,EDUCATION,10500,13.92,0.15,C,4,False,False
24,71000,4.0,PERSONAL,14000,10.99,0.2,B,3,False,False
23,71004,1.0,EDUCATION,15000,13.47,0.21,C,3,True,False
22,72000,2.0,MEDICAL,15000,7.9,0.21,A,2,False,False
24,72000,8.0,HOMEIMPROVEMENT,9000,7.49,0.13,A,4,False,False
25,72000,8.0,EDUCATION,18000,7.66,0.25,A,3,False,False
25,72000,3.0,VENTURE,16000,17.14,0.22,E,3,True,False
22,72000,6.0,VENTURE,16000,10.37,0.22,B,3,False,False
25,72000,9.0,VENTURE,6000,7.14,0.08,A,4,False,False
22,72000,1.0,PERSONAL,15000,10.25,0.21,B,3,False,False
26,72000,10.0,MEDICAL,10000,7.74,0.14,A,4,False,False
26,67000,10.0,DEBTCONSOLIDATION,5000,16.45,0.07,E,3,True,True
26,73440,1.0,PERSONAL,35000,9.91,0.48,B,2,False,False
25,74000,1.0,VENTURE,16000,8.49,0.22,A,3,False,False
23,74000,7.0,PERSONAL,15000,15.99,0.2,D,4,True,False
22,74004,0.0,MEDICAL,3000,6.54,0.04,A,4,False,False
24,74004,2.0,EDUCATION,5000,14.09,0.07,D,4,False,False
23,75000,6.0,VENTURE,24000,7.9,0.32,A,3,False,False
23,75000,0.0,EDUCATION,5000,14.65,0.07,C,4,False,False
26,75000,10.0,MEDICAL,9250,12.69,0.12,B,4,False,False
23,75000,5.0,PERSONAL,21000,12.42,0.28,B,2,False,False
26,75000,10.0,VENTURE,7000,10.59,0.09,B,4,False,False
25,75000,6.0,MEDICAL,11000,8.49,0.15,A,3,False,False
23,75000,5.0,PERSONAL,5000,8.49,0.07,A,4,False,False
23,75000,5.0,VENTURE,10000,6.92,0.13,A,2,False,False
24,75000,0.0,PERSONAL,6675,6.54,0.09,A,3,False,False
23,75000,8.0,EDUCATION,8000,6.17,0.11,A,2,False,False
25,75000,9.0,EDUCATION,5600,10.62,0.07,B,2,False,False
23,75000,5.0,VENTURE,12500,15.33,0.17,D,3,True,False
24,75000,2.0,PERSONAL,8500,11.36,0.11,B,4,False,False
23,75000,7.0,VENTURE,20400,7.74,0.27,A,4,False,False
24,75000,4.0,MEDICAL,9600,8.94,0.13,A,3,False,False
23,75000,5.0,VENTURE,7600,8.59,0.1,A,4,False,False
24,75000,8.0,MEDICAL,16500,12.18,0.22,B,2,False,False
22,75000,6.0,EDUCATION,4800,8.0,0.06,A,2,False,False
23,75000,7.0,EDUCATION,15000,11.14,0.2,B,4,False,False
23,75000,7.0,EDUCATION,12000,12.49,0.16,D,4,False,False
24,75200,5.0,EDUCATION,6500,7.14,0.09,A,2,False,False
24,75360,4.0,VENTURE,7000,7.49,0.09,A,3,False,False
26,75996,7.0,VENTURE,8000,11.83,0.11,B,3,False,False
23,76000,3.0,EDUCATION,18000,10.99,0.24,B,2,False,False
23,77000,3.0,VENTURE,3500,5.99,0.05,A,2,False,False
24,78000,6.0,HOMEIMPROVEMENT,4500,12.69,0.06,B,3,False,False
21,40000,5.0,MEDICAL,12000,8.9,0.3,A,2,False,False
22,40000,6.0,EDUCATION,5000,16.29,0.13,D,4,True,False
26,78000,2.0,VENTURE,2400,14.72,0.03,C,3,True,False
24,78000,8.0,EDUCATION,25000,12.18,0.32,B,4,False,False
22,78000,6.0,PERSONAL,4000,7.74,0.05,A,4,False,False
24,78386,3.0,EDUCATION,4000,5.42,0.05,A,3,False,False
23,78885,2.0,VENTURE,20000,12.42,0.25,B,3,False,False
22,78996,6.0,MEDICAL,10000,11.11,0.13,B,2,False,False
25,79000,3.0,VENTURE,14000,6.92,0.18,A,2,False,False
25,79000,9.0,VENTURE,14500,11.48,0.18,B,3,False,False
24,79200,8.0,VENTURE,3800,6.62,0.05,A,4,False,False
24,79768,2.0,EDUCATION,12000,13.49,0.15,C,4,True,False
23,40000,6.0,EDUCATION,3000,7.66,0.07,A,3,False,False
22,40000,4.0,EDUCATION,8000,5.79,0.2,A,2,False,False
24,80000,5.0,EDUCATION,2200,13.49,0.03,C,4,False,False
25,80000,9.0,PERSONAL,2700,10.59,0.03,B,4,False,False
24,80000,8.0,VENTURE,12000,7.49,0.15,A,3,False,False
23,80000,7.0,VENTURE,4000,5.99,0.05,A,4,False,False
22,80000,4.0,EDUCATION,4800,10.99,0.06,B,4,False,False
24,74000,8.0,DEBTCONSOLIDATION,35000,20.11,0.47,G,3,False,True
23,80000,7.0,PERSONAL,9000,9.62,0.11,B,2,False,False
24,80000,0.0,EDUCATION,16000,6.17,0.2,A,4,False,False
22,40000,0.0,EDUCATION,6000,8.0,0.15,A,3,False,False
25,40000,5.0,EDUCATION,6000,13.47,0.15,C,3,True,False
21,40000,1.0,EDUCATION,15000,13.16,0.38,C,2,False,False
25,80000,3.0,EDUCATION,10000,14.72,0.13,C,3,True,False
24,40000,7.0,EDUCATION,2000,12.53,0.05,C,4,False,False
23,40000,0.0,VENTURE,6400,8.32,0.16,A,3,False,False
23,80000,2.0,EDUCATION,6000,19.13,0.07,F,4,True,False
24,80000,0.0,VENTURE,5500,8.94,0.07,A,2,False,False
26,80000,5.0,PERSONAL,7000,13.22,0.09,C,2,True,False
25,39996,2.0,VENTURE,12000,8.94,0.3,A,3,False,False
24,39996,0.0,VENTURE,3000,7.37,0.08,A,4,False,False
24,80000,8.0,MEDICAL,20000,9.51,0.25,B,2,False,False
24,80004,3.0,HOMEIMPROVEMENT,2425,15.27,0.03,C,4,True,False
24,80004,8.0,HOMEIMPROVEMENT,25000,10.36,0.31,B,3,False,False
23,80196,2.0,VENTURE,30000,9.91,0.37,B,3,False,False
22,80340,2.0,EDUCATION,7000,7.14,0.09,A,3,False,False
23,80832,0.0,MEDICAL,15000,15.65,0.19,D,2,False,False
22,81000,2.0,EDUCATION,10000,15.31,0.12,D,3,False,False
21,81000,0.0,EDUCATION,8400,12.53,0.1,C,3,True,False
25,39000,2.0,HOMEIMPROVEMENT,4400,14.84,0.11,D,2,False,False
25,39000,3.0,MEDICAL,3600,11.86,0.09,B,2,False,False
25,39000,0.0,MEDICAL,8500,14.35,0.22,C,3,False,False
23,39000,7.0,MEDICAL,3000,10.62,0.08,B,2,False,False
24,82000,8.0,EDUCATION,25000,15.27,0.3,C,3,True,False
24,82500,8.0,VENTURE,10000,5.79,0.12,A,4,False,False
25,82729,8.0,VENTURE,4800,6.17,0.06,A,3,False,False
22,38272,6.0,MEDICAL,4800,9.99,0.13,B,2,False,False
22,83000,6.0,DEBTCONSOLIDATION,25000,15.95,0.3,D,4,True,False
24,38004,3.0,EDUCATION,3000,13.35,0.08,C,2,True,False
22,38004,0.0,VENTURE,3000,12.92,0.08,D,3,True,False
22,83600,6.0,VENTURE,7500,13.11,0.09,C,4,True,False
23,84000,7.0,EDUCATION,17500,8.9,0.21,A,3,False,False
24,84000,5.0,PERSONAL,20000,11.83,0.24,B,3,False,False
21,84400,2.0,VENTURE,12000,8.94,0.14,A,3,False,False
24,38000,2.0,HOMEIMPROVEMENT,5000,12.53,0.13,C,3,False,False
24,38000,6.0,MEDICAL,1000,10.08,0.03,B,4,False,False
24,84996,4.0,PERSONAL,8000,15.57,0.09,D,2,True,False
24,85000,8.0,VENTURE,10000,6.62,0.12,A,4,False,False
23,85000,7.0,PERSONAL,14000,16.29,0.16,D,4,True,False
21,37500,5.0,VENTURE,6000,11.49,0.16,B,3,False,False
21,37200,5.0,VENTURE,7000,8.49,0.19,A,4,False,False
24,85000,2.0,EDUCATION,27500,11.99,0.32,B,2,False,False
24,85000,4.0,HOMEIMPROVEMENT,6250,14.91,0.07,D,2,False,False
21,37000,0.0,VENTURE,9250,12.23,0.25,C,4,False,False
24,85000,8.0,VENTURE,22000,6.54,0.26,A,4,False,False
23,37000,6.0,MEDICAL,1125,5.79,0.03,A,3,False,False
23,85000,4.0,EDUCATION,9600,13.61,0.11,C,3,False,False
21,37000,3.0,EDUCATION,7200,13.61,0.19,C,4,False,False
25,37000,6.0,MEDICAL,9000,10.25,0.24,B,3,False,False
23,85000,3.0,MEDICAL,15000,15.33,0.18,D,2,True,False
26,85000,10.0,EDUCATION,10000,12.18,0.12,B,2,False,False
25,85000,1.0,HOMEIMPROVEMENT,5000,13.79,0.06,C,2,True,False
24,36000,4.0,PERSONAL,5000,13.49,0.14,C,4,True,False
23,86400,0.0,EDUCATION,16000,11.86,0.19,D,3,False,False
22,36000,6.0,EDUCATION,14500,10.99,0.4,B,3,False,False
25,87000,5.0,EDUCATION,5500,14.61,0.06,D,2,False,False
22,87000,4.0,EDUCATION,10000,8.59,0.11,A,3,False,False
24,36000,0.0,VENTURE,4000,13.06,0.11,C,3,True,False
23,36000,7.0,VENTURE,8000,15.65,0.22,D,4,False,False
24,87504,9.0,VENTURE,7000,8.88,0.08,B,3,False,False
26,88900,2.0,MEDICAL,5000,11.83,0.06,B,4,False,False
24,89000,7.0,HOMEIMPROVEMENT,15000,17.58,0.17,D,4,False,False
25,36000,0.0,VENTURE,2400,12.21,0.07,B,2,False,False
22,36000,2.0,EDUCATION,14000,11.26,0.39,B,4,False,False
23,36000,2.0,MEDICAL,12000,12.53,0.33,C,2,False,False
22,36000,4.0,EDUCATION,3250,7.75,0.09,A,4,False,False
24,35556,9.0,EDUCATION,13000,5.79,0.37,A,2,False,False
21,90000,6.0,MEDICAL,12000,6.03,0.13,A,3,False,False
23,35482,7.0,VENTURE,7000,14.74,0.2,D,4,False,False
22,35400,6.0,EDUCATION,8000,6.03,0.23,A,2,False,False
24,90000,8.0,MEDICAL,12000,13.35,0.13,C,3,False,False
23,90000,7.0,MEDICAL,8500,5.79,0.09,A,4,False,False
22,90000,6.0,VENTURE,7000,7.14,0.08,A,4,False,False
26,35000,1.0,PERSONAL,7500,7.9,0.21,A,3,False,False
21,35000,2.0,VENTURE,7200,15.23,0.21,C,4,False,False
22,35000,6.0,EDUCATION,18500,7.49,0.53,A,3,False,False
25,90000,9.0,HOMEIMPROVEMENT,10000,8.0,0.11,A,4,False,False
26,90000,2.0,VENTURE,9500,8.07,0.11,A,2,False,False
22,91000,5.0,EDUCATION,15000,7.88,0.16,A,2,False,False
21,35000,2.0,MEDICAL,11000,7.88,0.31,A,2,False,False
21,35000,2.0,VENTURE,7000,14.59,0.2,D,3,False,False
25,35000,9.0,PERSONAL,4000,13.11,0.11,C,2,False,False
22,91200,6.0,PERSONAL,5000,11.48,0.05,B,2,False,False
23,35000,7.0,MEDICAL,10000,10.25,0.29,B,2,False,False
26,35000,1.0,VENTURE,4175,7.74,0.12,A,4,False,False
22,35000,6.0,MEDICAL,5000,11.14,0.14,B,2,False,False
26,92000,3.0,HOMEIMPROVEMENT,22500,10.99,0.24,B,2,False,False
24,92000,4.0,MEDICAL,7200,9.88,0.08,B,2,False,False
24,34800,8.0,VENTURE,1700,10.38,0.05,B,2,False,False
22,34800,4.0,MEDICAL,7350,14.22,0.21,C,2,False,False
26,34656,2.0,PERSONAL,5500,7.51,0.16,A,2,False,False
24,34500,8.0,EDUCATION,2000,11.71,0.06,B,3,False,False
23,93000,7.0,VENTURE,25000,12.73,0.27,C,3,False,False
23,93000,7.0,VENTURE,10000,9.88,0.11,B,3,False,False
26,94500,10.0,VENTURE,2000,5.42,0.02,A,2,False,False
24,95000,4.0,HOMEIMPROVEMENT,10000,15.23,0.11,C,3,True,False
24,95000,8.0,PERSONAL,4800,13.43,0.05,C,3,False,False
21,33600,6.0,PERSONAL,9600,13.98,0.29,C,4,True,False
24,33600,8.0,VENTURE,2500,6.39,0.07,A,3,False,False
21,33600,5.0,MEDICAL,10000,7.88,0.3,A,2,False,False
24,95000,8.0,EDUCATION,25000,16.32,0.26,E,3,False,False
21,33600,5.0,VENTURE,3000,11.83,0.09,B,4,False,False
23,95000,2.0,EDUCATION,10900,7.74,0.11,A,4,False,False
26,95000,0.0,MEDICAL,1000,8.94,0.01,A,4,False,False
23,33004,5.0,EDUCATION,5000,8.59,0.15,A,4,False,False
25,95004,9.0,EDUCATION,2800,9.91,0.03,B,3,False,False
22,95004,6.0,EDUCATION,7200,10.95,0.08,B,4,False,False
23,95327,4.0,VENTURE,4325,7.74,0.05,A,2,False,False
25,33000,7.0,VENTURE,8000,10.38,0.24,B,2,False,False
23,96000,8.0,MEDICAL,8000,13.49,0.08,C,3,False,False
24,33000,9.0,VENTURE,8000,14.26,0.24,C,3,True,False
21,33000,4.0,EDUCATION,5000,14.61,0.15,D,3,True,False
23,33000,5.0,VENTURE,3600,11.58,0.11,B,4,False,False
26,32956,10.0,MEDICAL,10000,8.49,0.3,A,3,False,False
21,32868,2.0,VENTURE,2500,13.61,0.08,C,3,True,False
23,32800,3.0,VENTURE,8000,7.29,0.24,A,3,False,False
22,32760,2.0,VENTURE,7000,11.78,0.21,C,4,True,False
24,32700,8.0,EDUCATION,4200,7.29,0.13,A,2,False,False
25,96000,0.0,EDUCATION,4000,9.88,0.04,B,3,False,False
23,32500,2.0,VENTURE,5000,13.99,0.15,C,3,True,False
26,71400,9.0,MEDICAL,16500,16.45,0.2,E,3,False,True
24,32500,2.0,EDUCATION,5600,14.42,0.17,D,3,False,False
21,96000,1.0,EDUCATION,7000,12.53,0.07,B,4,False,False
23,97000,7.0,MEDICAL,15000,9.63,0.15,B,4,False,False
26,97333,3.0,HOMEIMPROVEMENT,10000,5.99,0.1,A,2,False,False
23,32000,7.0,EDUCATION,3500,15.27,0.11,C,3,False,False
24,98000,8.0,HOMEIMPROVEMENT,12000,6.03,0.12,A,3,False,False
24,98000,8.0,VENTURE,12000,7.49,0.12,A,2,False,False
22,32000,2.0,MEDICAL,3000,6.99,0.09,A,4,False,False
23,98000,6.0,EDUCATION,10000,18.07,0.1,D,3,True,False
23,32000,4.0,PERSONAL,7500,12.98,0.23,C,3,False,False
25,98000,0.0,PERSONAL,2000,7.37,0.02,A,2,False,False
23,32000,2.0,VENTURE,6500,8.59,0.2,A,2,False,False
24,100000,4.0,MEDICAL,6000,8.9,0.06,A,2,False,False
23,31200,7.0,EDUCATION,6000,10.37,0.19,B,3,False,False
22,31193,0.0,DEBTCONSOLIDATION,4000,14.74,0.13,D,2,True,False
26,100000,10.0,MEDICAL,10000,10.59,0.1,B,2,False,False
25,100000,2.0,HOMEIMPROVEMENT,15000,6.17,0.15,A,4,False,False
24,100000,2.0,HOMEIMPROVEMENT,24000,10.99,0.24,B,4,False,False
21,100000,5.0,PERSONAL,5000,7.14,0.05,A,3,False,False
23,100000,0.0,VENTURE,1000,14.26,0.01,C,3,False,False
26,30000,3.0,PERSONAL,6000,7.9,0.2,A,2,False,False
26,30000,3.0,VENTURE,1925,6.03,0.06,A,3,False,False
25,100000,4.0,MEDICAL,15000,11.28,0.15,C,4,False,False
25,100505,9.0,HOMEIMPROVEMENT,35000,11.99,0.35,B,3,False,False
22,30000,3.0,EDUCATION,15000,6.62,0.5,A,4,False,False
22,30000,3.0,MEDICAL,7200,10.99,0.24,B,2,False,False
24,101000,5.0,MEDICAL,24250,12.53,0.24,B,4,False,False
22,30000,6.0,VENTURE,6000,7.49,0.2,A,3,False,False
23,102000,0.0,MEDICAL,30000,16.77,0.29,D,2,True,False
25,102000,9.0,MEDICAL,8000,12.42,0.08,B,4,False,False
24,102000,5.0,PERSONAL,23800,8.9,0.23,A,2,False,False
24,102000,8.0,MEDICAL,24250,11.83,0.24,B,3,False,False
22,102000,1.0,MEDICAL,7000,12.87,0.07,C,3,False,False
23,102000,7.0,EDUCATION,15000,8.94,0.15,A,3,False,False
24,103000,8.0,EDUCATION,24000,16.77,0.23,D,3,False,False
23,30000,1.0,DEBTCONSOLIDATION,4000,15.65,0.13,D,4,True,False
25,30000,0.0,PERSONAL,3425,6.17,0.11,A,2,False,False
25,104000,2.0,HOMEIMPROVEMENT,10000,6.92,0.1,A,2,False,False
22,30000,5.0,PERSONAL,3000,10.36,0.1,B,2,False,False
26,30000,3.0,PERSONAL,7000,9.99,0.23,B,2,False,False
26,105000,10.0,HOMEIMPROVEMENT,4800,11.71,0.05,B,4,False,False
26,105000,0.0,EDUCATION,10000,7.49,0.1,A,2,False,False
26,105000,10.0,VENTURE,10000,15.65,0.1,D,4,True,False
26,30000,3.0,PERSONAL,12000,11.36,0.4,B,3,False,False
25,30000,3.0,HOMEIMPROVEMENT,11500,11.36,0.38,B,4,False,False
23,30000,5.0,PERSONAL,3000,12.18,0.1,B,2,False,False
22,30000,0.0,EDUCATION,2500,12.53,0.08,B,2,False,False
26,30000,3.0,EDUCATION,7500,11.14,0.25,B,3,False,False
26,30000,4.0,VENTURE,5000,11.58,0.17,B,4,False,False
25,106870,9.0,EDUCATION,6000,15.27,0.06,C,4,True,False
25,30000,1.0,PERSONAL,3000,9.63,0.1,A,2,False,False
24,30000,1.0,MEDICAL,15000,15.68,0.5,E,3,False,True
24,30000,6.0,HOMEIMPROVEMENT,7500,10.96,0.25,B,4,False,False
22,108000,2.0,VENTURE,8000,15.27,0.07,C,2,True,False
23,108000,2.0,VENTURE,35000,8.49,0.32,A,4,False,False
25,110000,6.0,PERSONAL,28000,9.91,0.25,B,2,False,False
23,28872,7.0,VENTURE,2000,10.37,0.07,B,3,False,False
26,110000,8.0,EDUCATION,17000,8.88,0.15,B,4,False,False
24,110000,0.0,HOMEIMPROVEMENT,10000,13.35,0.09,C,2,True,False
24,110000,8.0,VENTURE,16000,12.73,0.15,C,4,False,False
24,28000,6.0,HOMEIMPROVEMENT,10000,10.37,0.36,B,2,False,False
21,28000,3.0,VENTURE,4000,7.88,0.14,A,3,False,False
23,28000,0.0,VENTURE,1250,10.99,0.04,B,4,False,False
21,27600,3.0,EDUCATION,1000,15.27,0.04,C,2,True,False
22,27560,6.0,EDUCATION,2800,11.49,0.1,B,4,False,False
23,114000,7.0,VENTURE,6000,8.49,0.05,A,4,False,False
25,27336,9.0,VENTURE,5500,13.23,0.2,C,4,False,False
24,27168,5.0,VENTURE,7500,9.99,0.28,B,2,False,False
23,115000,7.0,EDUCATION,5000,14.27,0.04,C,4,False,False
24,115000,8.0,DEBTCONSOLIDATION,35000,16.89,0.3,D,4,True,False
24,115000,8.0,HOMEIMPROVEMENT,10000,7.51,0.09,A,3,False,False
25,115000,5.0,VENTURE,8000,19.13,0.07,F,2,True,False
24,26400,8.0,VENTURE,3000,10.59,0.11,B,2,False,False
24,26400,4.0,VENTURE,9600,7.49,0.36,A,2,False,False
21,26400,3.0,DEBTCONSOLIDATION,3000,14.54,0.11,D,4,False,False
26,26400,8.0,HOMEIMPROVEMENT,8000,5.79,0.3,A,4,False,False
26,117000,10.0,VENTURE,7200,10.74,0.06,B,4,False,False
22,26400,1.0,PERSONAL,7300,13.61,0.28,C,2,True,False
21,118000,5.0,VENTURE,14000,7.88,0.12,A,3,False,False
24,119500,8.0,HOMEIMPROVEMENT,3500,12.18,0.03,B,2,False,False
22,26000,2.0,EDUCATION,7100,7.49,0.27,A,2,False,False
24,25920,4.0,EDUCATION,3250,15.99,0.13,D,4,True,False
22,25899,7.0,VENTURE,6250,12.69,0.24,B,2,False,False
24,120000,8.0,EDUCATION,5275,5.42,0.04,A,4,False,False
23,120000,7.0,VENTURE,3600,10.59,0.03,B,4,False,False
25,25000,9.0,VENTURE,6000,7.51,0.24,A,2,False,False
24,120000,8.0,PERSONAL,15000,15.28,0.13,D,3,False,False
26,120000,10.0,PERSONAL,15000,13.11,0.13,C,4,True,False
24,120000,8.0,HOMEIMPROVEMENT,21000,14.26,0.17,C,2,True,False
25,25000,4.0,MEDICAL,17500,14.22,0.7,C,2,False,False
26,25000,1.0,EDUCATION,5000,9.88,0.2,B,3,False,False
25,25000,4.0,VENTURE,2000,10.99,0.08,B,3,False,False
23,25000,1.0,EDUCATION,8000,8.59,0.32,A,3,False,False
25,120000,3.0,EDUCATION,3000,10.14,0.03,B,3,False,False
21,24996,5.0,VENTURE,5000,7.51,0.2,A,2,False,False
25,120775,9.0,EDUCATION,15000,13.11,0.12,C,4,False,False
22,24744,5.0,VENTURE,5000,11.89,0.2,B,2,False,False
22,24600,1.0,PERSONAL,4750,10.0,0.19,B,4,False,False
25,123996,9.0,HOMEIMPROVEMENT,10000,6.54,0.08,A,3,False,False
23,24000,2.0,VENTURE,6000,15.23,0.25,C,2,True,False
23,24000,7.0,EDUCATION,5000,7.49,0.21,A,2,False,False
25,125000,9.0,PERSONAL,15000,7.9,0.12,A,3,False,False
25,24000,7.0,HOMEIMPROVEMENT,6000,5.42,0.25,A,3,False,False
22,24000,0.0,DEBTCONSOLIDATION,4200,15.62,0.17,D,2,True,False
24,125000,3.0,HOMEIMPROVEMENT,28000,9.91,0.22,B,3,False,False
25,125000,9.0,PERSONAL,25000,10.59,0.2,B,2,False,False
26,125000,10.0,MEDICAL,6000,5.42,0.05,A,4,False,False
25,125000,4.0,VENTURE,12000,7.88,0.1,A,3,False,False
24,24000,4.0,VENTURE,6400,8.88,0.27,B,4,False,False
22,24000,0.0,MEDICAL,5000,13.35,0.21,C,4,False,False
22,24000,2.0,PERSONAL,3000,13.61,0.13,C,2,False,False
23,24000,5.0,EDUCATION,7000,11.86,0.29,B,4,False,False
22,24000,3.0,EDUCATION,6000,11.49,0.25,B,4,False,False
23,24000,0.0,EDUCATION,7000,7.14,0.29,A,3,False,False
26,24000,0.0,MEDICAL,2500,11.83,0.1,B,4,False,False
23,126996,2.0,EDUCATION,11000,10.0,0.09,B,2,False,False
26,127500,9.0,MEDICAL,24250,15.31,0.19,D,4,True,False
23,129600,7.0,PERSONAL,13500,5.42,0.1,A,2,False,False
23,130000,7.0,VENTURE,22600,14.96,0.17,D,2,True,False
23,130000,7.0,VENTURE,15000,13.22,0.12,C,3,True,False
26,22440,10.0,VENTURE,4750,11.86,0.21,B,4,False,False
24,22320,4.0,MEDICAL,1000,16.32,0.04,E,2,False,True
23,22300,1.0,MEDICAL,7500,11.12,0.34,B,4,False,False
24,133000,4.0,VENTURE,4000,7.4,0.03,A,3,False,False
22,21600,5.0,PERSONAL,5000,7.9,0.23,A,3,False,False
23,135000,7.0,VENTURE,16000,6.91,0.12,A,3,False,False
24,138000,8.0,PERSONAL,16500,6.54,0.12,A,3,False,False
23,21000,7.0,VENTURE,7500,12.69,0.36,B,3,False,False
23,21000,2.0,EDUCATION,6000,15.27,0.29,C,2,False,False
23,140000,6.0,EDUCATION,16400,15.96,0.12,C,3,True,False
21,20004,2.0,MEDICAL,2500,9.63,0.12,B,2,False,False
24,141000,8.0,PERSONAL,10000,7.49,0.07,A,2,False,False
24,142000,0.0,VENTURE,7500,7.88,0.05,A,2,False,False
23,144000,1.0,VENTURE,6800,7.49,0.05,A,2,False,False
24,20000,2.0,HOMEIMPROVEMENT,3000,8.94,0.15,A,2,False,False
22,20000,7.0,PERSONAL,3200,12.21,0.16,B,4,False,False
23,145000,7.0,EDUCATION,20800,11.83,0.14,B,4,False,False
24,145000,2.0,PERSONAL,11500,11.14,0.08,B,4,False,False
21,19800,4.0,HOMEIMPROVEMENT,6800,14.59,0.34,D,2,False,True
26,19500,0.0,PERSONAL,5000,8.0,0.26,A,3,False,True
21,19200,0.0,PERSONAL,2400,9.91,0.13,B,2,False,False
23,149385,7.0,VENTURE,7000,8.94,0.05,A,4,False,False
25,150000,0.0,VENTURE,14400,8.9,0.1,A,4,False,False
26,19200,7.0,PERSONAL,4500,7.88,0.23,A,3,False,True
21,19000,0.0,MEDICAL,7200,14.74,0.38,D,4,True,True
26,150000,10.0,VENTURE,24000,11.83,0.16,B,4,False,False
26,150000,6.0,EDUCATION,7000,14.96,0.05,D,4,True,False
21,150075,0.0,VENTURE,25000,7.49,0.17,A,2,False,False
26,152229,3.0,PERSONAL,15000,11.36,0.1,B,2,False,False
21,18000,5.0,HOMEIMPROVEMENT,6500,7.4,0.36,A,3,False,True
22,160000,6.0,VENTURE,7000,8.9,0.04,A,3,False,False
23,163000,5.0,EDUCATION,10000,11.36,0.06,B,2,False,False
24,15996,8.0,EDUCATION,4000,8.0,0.25,A,2,False,True
25,15000,9.0,VENTURE,2000,6.91,0.13,A,3,False,False
24,175000,3.0,VENTURE,8000,11.14,0.05,B,4,False,False
24,190000,4.0,PERSONAL,24000,15.62,0.13,C,3,True,False
26,190000,10.0,PERSONAL,25000,9.25,0.13,B,2,False,False
23,14400,7.0,DEBTCONSOLIDATION,3000,14.72,0.21,C,2,True,True
25,200000,0.0,HOMEIMPROVEMENT,24000,14.96,0.12,D,3,True,False
25,200000,0.0,VENTURE,24000,12.18,0.12,B,4,False,False
25,12000,9.0,EDUCATION,4500,13.16,0.38,C,4,True,True
21,10560,5.0,VENTURE,1000,10.36,0.09,B,4,False,False
21,9600,0.0,VENTURE,1200,10.99,0.13,B,4,False,False
24,9600,2.0,VENTURE,3200,7.88,0.33,A,2,False,True
21,6000,1.0,PERSONAL,1600,14.61,0.27,D,3,True,True
23,21600,0.0,VENTURE,4400,12.53,0.2,B,3,False,False
22,72000,6.0,EDUCATION,16000,10.37,0.22,B,2,False,False
23,57000,7.0,EDUCATION,4200,10.51,0.07,B,4,False,False
22,41600,4.0,EDUCATION,12000,12.42,0.29,B,4,False,False
26,30000,0.0,HOMEIMPROVEMENT,15000,13.22,0.5,C,2,True,False
24,30000,7.0,HOMEIMPROVEMENT,10000,12.61,0.33,C,2,True,False
23,75000,8.0,VENTURE,8000,6.17,0.11,A,2,False,False
24,39996,0.0,PERSONAL,3000,7.37,0.08,A,2,False,False
23,80196,2.0,PERSONAL,30000,9.91,0.37,B,3,False,False
24,22800,3.0,MEDICAL,4750,11.36,0.21,B,4,False,False
23,34000,7.0,EDUCATION,10950,7.29,0.32,A,2,False,False
23,149385,7.0,PERSONAL,7000,8.94,0.05,A,2,False,False
25,60000,8.0,VENTURE,14000,11.12,0.23,B,2,False,False
25,74000,1.0,MEDICAL,16000,8.49,0.22,A,3,False,False
21,19200,0.0,MEDICAL,2400,9.91,0.13,B,4,False,False
23,21000,2.0,VENTURE,6000,15.27,0.29,C,2,False,False
22,41000,0.0,PERSONAL,1000,6.99,0.02,A,2,False,False
21,40000,1.0,PERSONAL,15000,13.16,0.38,C,4,True,False
24,98000,8.0,VENTURE,12000,7.49,0.12,A,2,False,False
24,70000,8.0,PERSONAL,24250,12.18,0.35,B,2,False,False
22,50500,6.0,EDUCATION,6000,11.83,0.12,B,2,False,False
23,30996,2.0,VENTURE,5000,11.86,0.16,B,4,False,False
23,42000,7.0,EDUCATION,4400,11.89,0.1,B,4,False,False
21,35000,2.0,EDUCATION,11000,7.88,0.31,A,3,False,False
24,141000,8.0,EDUCATION,10000,7.49,0.07,A,2,False,False
21,57000,5.0,VENTURE,8000,10.65,0.14,B,2,False,False
23,140000,6.0,EDUCATION,16400,15.96,0.12,C,2,False,False
21,12000,0.0,EDUCATION,4200,13.48,0.35,C,4,False,True
21,24000,2.0,PERSONAL,7000,11.86,0.29,B,3,False,False
22,38400,5.0,EDUCATION,10000,13.99,0.26,C,4,False,False
24,60000,9.0,HOMEIMPROVEMENT,15000,11.83,0.25,B,3,False,False
24,27600,8.0,PERSONAL,7000,7.9,0.25,A,2,False,False
25,47000,9.0,VENTURE,4000,6.62,0.09,A,2,False,False
25,50000,9.0,PERSONAL,9175,19.42,0.18,E,4,False,False
22,83000,6.0,EDUCATION,25000,15.95,0.3,D,2,False,False
23,29120,0.0,MEDICAL,6400,8.94,0.22,A,4,False,False
22,69996,2.0,VENTURE,8000,12.84,0.11,C,3,False,False
22,70000,6.0,PERSONAL,12000,12.53,0.17,B,4,False,False
25,36000,10.0,MEDICAL,11200,9.76,0.31,B,2,False,False
21,35000,5.0,VENTURE,6500,13.43,0.19,C,4,False,False
25,61000,2.0,PERSONAL,15000,14.65,0.25,C,2,False,False
25,19000,3.0,VENTURE,4000,7.4,0.21,A,4,False,True
22,24449,2.0,VENTURE,1800,11.89,0.07,B,4,False,False
22,24000,1.0,EDUCATION,6000,12.68,0.25,C,4,False,False
22,72000,1.0,VENTURE,15000,10.25,0.21,B,4,False,False
26,40000,0.0,EDUCATION,15000,9.64,0.38,B,4,False,False
24,33321,4.0,VENTURE,12250,13.11,0.37,C,4,True,False
25,59000,6.0,MEDICAL,5000,6.17,0.08,A,2,False,False
24,40000,7.0,VENTURE,2000,12.53,0.05,C,4,False,False
26,53000,2.0,VENTURE,2500,9.91,0.05,B,2,False,False
24,50004,2.0,VENTURE,10000,11.12,0.2,B,2,False,False
26,88900,2.0,PERSONAL,5000,11.83,0.06,B,4,False,False
22,18000,1.0,EDUCATION,5400,15.31,0.3,D,4,True,True
24,101000,5.0,VENTURE,24250,12.53,0.24,B,3,False,False
25,65000,9.0,HOMEIMPROVEMENT,7000,11.66,0.11,C,3,True,False
23,11000,0.0,VENTURE,1400,9.32,0.13,A,4,False,False
22,30000,5.0,VENTURE,3000,10.36,0.1,B,2,False,False
26,12000,2.0,HOMEIMPROVEMENT,6100,7.51,0.51,A,4,False,True
24,35000,1.0,MEDICAL,7000,16.29,0.2,D,4,False,False
25,24000,7.0,HOMEIMPROVEMENT,6000,5.42,0.25,A,4,False,False
24,84996,4.0,DEBTCONSOLIDATION,8000,15.57,0.09,D,4,True,False
24,65000,8.0,PERSONAL,9000,7.29,0.14,A,3,False,False
22,43000,7.0,EDUCATION,6000,7.74,0.14,A,4,False,False
23,48000,6.0,EDUCATION,5000,10.08,0.1,B,3,False,False
22,36000,4.0,PERSONAL,3250,7.75,0.09,A,2,False,False
23,46776,7.0,VENTURE,15000,13.24,0.32,D,3,False,False
22,43200,6.0,VENTURE,6000,7.68,0.14,A,4,False,False
22,57600,6.0,VENTURE,6500,7.49,0.11,A,3,False,False
25,49000,4.0,VENTURE,2500,6.76,0.05,A,3,False,False
21,35000,5.0,VENTURE,4000,7.29,0.11,A,2,False,False
21,37000,3.0,MEDICAL,7200,13.61,0.19,C,2,False,False
22,91000,5.0,EDUCATION,15000,7.88,0.16,A,3,False,False
24,47211,8.0,HOMEIMPROVEMENT,10000,11.83,0.21,B,3,False,False
22,45000,6.0,EDUCATION,4750,6.39,0.11,A,4,False,False
23,51000,7.0,VENTURE,6000,5.42,0.12,A,2,False,False
25,200000,0.0,VENTURE,24000,12.18,0.12,B,2,False,False
24,80000,8.0,VENTURE,12000,7.49,0.15,A,3,False,False
22,36000,4.0,DEBTCONSOLIDATION,5000,14.61,0.14,D,4,True,False
26,80000,5.0,PERSONAL,7000,13.22,0.09,C,2,True,False
24,48000,5.0,VENTURE,4400,5.99,0.09,A,4,False,False
24,20000,2.0,PERSONAL,3000,8.94,0.15,A,3,False,False
23,48000,8.0,VENTURE,6000,12.87,0.13,C,3,True,False
23,39456,7.0,PERSONAL,14000,7.29,0.35,A,3,False,False
24,42000,8.0,HOMEIMPROVEMENT,8000,6.62,0.19,A,2,False,False
21,27600,3.0,EDUCATION,1000,15.27,0.04,C,3,True,False
24,95000,4.0,PERSONAL,10000,15.23,0.11,C,4,False,False
23,60000,0.0,PERSONAL,8000,12.53,0.13,B,3,False,False
22,24000,3.0,VENTURE,2500,10.59,0.1,B,2,False,False
23,67000,1.0,VENTURE,3250,6.76,0.05,A,4,False,False
24,22000,1.0,EDUCATION,3000,16.0,0.14,D,2,False,False
23,29004,1.0,VENTURE,2000,13.16,0.07,C,3,False,False
26,52000,10.0,DEBTCONSOLIDATION,5000,15.65,0.1,D,4,True,False
23,75000,5.0,MEDICAL,12500,15.33,0.17,D,3,True,False
24,62500,8.0,HOMEIMPROVEMENT,6500,13.22,0.1,C,3,False,False
22,28800,2.0,EDUCATION,10000,16.49,0.35,D,2,True,False
26,51600,10.0,EDUCATION,15000,9.88,0.29,B,4,False,False
23,70000,0.0,VENTURE,3600,10.59,0.05,B,4,False,False
25,98000,0.0,HOMEIMPROVEMENT,2000,7.37,0.02,A,3,False,False
25,35000,9.0,VENTURE,4000,13.11,0.11,C,4,False,False
25,43200,9.0,VENTURE,13800,11.48,0.32,B,2,False,False
22,50000,3.0,VENTURE,6000,8.94,0.12,A,4,False,False
22,33600,1.0,DEBTCONSOLIDATION,5000,18.25,0.15,D,2,False,False
24,67000,2.0,MEDICAL,16000,12.69,0.24,B,2,False,False
24,49200,8.0,PERSONAL,4000,13.06,0.08,C,3,True,False
21,20004,2.0,EDUCATION,2500,9.63,0.12,B,3,False,False
24,120000,8.0,EDUCATION,5275,5.42,0.04,A,4,False,False
29,10000,0.0,PERSONAL,3250,11.12,0.33,B,9,False,True
30,350000,3.0,PERSONAL,32000,6.62,0.09,A,7,False,False
34,334000,18.0,EDUCATION,18000,12.68,0.05,C,10,True,False
30,11440,3.0,MEDICAL,1750,12.73,0.15,C,5,True,False
32,307000,10.0,VENTURE,11000,14.26,0.04,C,10,True,False
35,250000,8.0,VENTURE,15000,9.88,0.06,B,5,False,False
29,12000,0.0,HOMEIMPROVEMENT,4500,11.14,0.38,B,6,False,True
27,12000,0.0,EDUCATION,8125,14.42,0.68,D,5,True,True
29,220000,1.0,PERSONAL,14725,19.41,0.07,F,6,False,False
28,209000,4.0,PERSONAL,15000,14.84,0.07,D,7,True,False
28,13500,0.0,PERSONAL,6700,9.63,0.5,A,5,False,True
33,14400,0.0,VENTURE,2000,14.79,0.14,C,8,False,False
31,190000,8.0,EDUCATION,15000,6.03,0.08,A,8,False,False
35,14400,2.0,DEBTCONSOLIDATION,5550,10.37,0.39,B,8,False,True
27,190000,11.0,MEDICAL,23000,11.83,0.12,B,8,False,False
30,14400,2.0,VENTURE,1000,10.62,0.07,B,10,False,False
30,14400,0.0,HOMEIMPROVEMENT,9250,14.96,0.64,D,10,False,True
31,180000,15.0,EDUCATION,10000,11.71,0.06,B,7,False,False
30,14400,0.0,MEDICAL,5000,14.96,0.35,D,9,False,True
29,15000,5.0,PERSONAL,5000,7.51,0.33,A,7,False,True
27,15600,0.0,EDUCATION,6400,7.74,0.41,A,9,False,True
34,16800,0.0,PERSONAL,1600,13.72,0.1,C,5,True,False
28,16800,5.0,EDUCATION,5000,9.88,0.3,B,7,False,True
31,17676,1.0,EDUCATION,2500,14.74,0.14,D,10,False,False
28,18000,2.0,MEDICAL,6350,13.57,0.35,C,5,False,True
27,19000,2.0,HOMEIMPROVEMENT,7800,15.58,0.41,D,5,True,True
33,19200,2.0,PERSONAL,6000,11.99,0.31,B,7,False,True
30,20000,14.0,HOMEIMPROVEMENT,3800,6.99,0.19,A,5,False,False
35,20000,1.0,VENTURE,5500,7.66,0.28,A,8,False,False
29,20000,1.0,EDUCATION,5000,5.79,0.25,A,7,False,False
31,20000,3.0,VENTURE,5000,11.83,0.25,B,7,False,False
31,20000,5.0,VENTURE,5000,11.83,0.25,B,5,False,False
31,20400,0.0,MEDICAL,11000,11.03,0.54,C,10,True,False
33,20640,0.0,HOMEIMPROVEMENT,6250,14.84,0.3,D,7,False,False
27,21600,1.0,PERSONAL,4200,7.49,0.19,A,6,False,False
28,21600,11.0,HOMEIMPROVEMENT,8000,11.49,0.37,B,5,False,False
27,21600,11.0,HOMEIMPROVEMENT,4000,10.62,0.19,B,9,False,False
28,22000,5.0,EDUCATION,8000,6.99,0.36,A,5,False,False
30,22000,4.0,VENTURE,2000,13.57,0.09,C,9,False,False
30,22000,4.0,VENTURE,6000,11.89,0.27,B,8,False,False
35,22300,1.0,PERSONAL,3775,15.27,0.17,C,6,False,False
27,22896,1.0,MEDICAL,5000,11.48,0.22,B,8,False,False
31,23000,13.0,PERSONAL,4500,5.79,0.2,A,9,False,False
35,23400,12.0,EDUCATION,5000,15.33,0.21,D,9,False,False
27,24000,1.0,PERSONAL,6000,8.9,0.25,A,10,False,False
32,24000,2.0,PERSONAL,5000,16.29,0.21,D,9,False,False
27,24000,4.0,EDUCATION,4000,12.99,0.17,C,6,False,False
32,24000,1.0,MEDICAL,2000,7.29,0.08,A,6,False,False
30,24000,0.0,VENTURE,2500,7.29,0.1,A,6,False,False
34,24000,4.0,HOMEIMPROVEMENT,2400,13.98,0.1,C,9,False,False
31,24000,1.0,HOMEIMPROVEMENT,1200,8.94,0.05,A,5,False,False
27,24000,2.0,VENTURE,6000,12.53,0.25,C,9,False,False
32,25000,15.0,MEDICAL,9175,10.99,0.37,B,10,False,False
31,25000,3.0,MEDICAL,3500,13.49,0.14,C,9,False,False
27,25000,0.0,EDUCATION,5000,10.99,0.2,B,7,False,False
29,25000,9.0,HOMEIMPROVEMENT,2500,9.62,0.1,B,5,False,False
32,25000,2.0,VENTURE,5000,16.32,0.2,D,9,True,False
31,25000,0.0,DEBTCONSOLIDATION,2400,14.42,0.1,D,8,True,False
32,25200,17.0,MEDICAL,4000,6.54,0.16,A,6,False,False
27,25740,3.0,DEBTCONSOLIDATION,5000,14.11,0.19,D,5,True,False
32,26000,4.0,VENTURE,13750,13.11,0.53,C,10,True,False
30,26000,4.0,PERSONAL,1200,10.99,0.05,B,6,False,False
35,26000,1.0,PERSONAL,6000,9.63,0.23,A,6,False,False
34,26496,7.0,MEDICAL,4400,10.59,0.17,B,8,False,False
28,27000,5.0,EDUCATION,5600,5.42,0.21,A,8,False,False
27,27000,0.0,EDUCATION,11500,20.11,0.43,G,9,False,True
28,27000,7.0,PERSONAL,2400,10.99,0.09,B,5,False,False
31,27600,1.0,EDUCATION,3000,11.49,0.11,B,9,False,False
29,27852,7.0,EDUCATION,11000,8.49,0.39,A,8,False,False
34,27852,0.0,PERSONAL,4200,12.84,0.15,C,8,False,False
29,27996,5.0,HOMEIMPROVEMENT,1800,5.42,0.06,A,6,False,False
35,28000,3.0,VENTURE,7600,6.62,0.27,A,10,False,False
34,28000,1.0,VENTURE,3000,9.99,0.11,B,10,False,False
30,28000,5.0,PERSONAL,6300,11.99,0.23,B,9,False,False
33,28000,3.0,VENTURE,4800,7.49,0.17,A,10,False,False
28,28000,0.0,MEDICAL,3250,12.53,0.12,B,9,False,False
32,28672,5.0,EDUCATION,4650,13.22,0.16,C,5,True,False
28,29000,1.0,VENTURE,6250,12.87,0.22,C,9,True,False
28,29112,1.0,VENTURE,7000,6.99,0.24,A,5,False,False
32,30000,2.0,EDUCATION,10000,9.91,0.33,B,8,False,False
33,30000,8.0,MEDICAL,5000,7.51,0.17,A,9,False,False
34,30000,0.0,MEDICAL,6000,7.29,0.2,A,9,False,False
33,30000,1.0,VENTURE,5000,12.68,0.17,C,10,True,False
28,30000,1.0,HOMEIMPROVEMENT,7500,12.98,0.25,C,8,False,False
30,30000,14.0,PERSONAL,5000,7.14,0.17,A,7,False,False
32,30000,4.0,MEDICAL,3000,15.65,0.1,D,6,True,False
28,30422,12.0,PERSONAL,5000,8.49,0.16,A,9,False,False
27,31000,3.0,HOMEIMPROVEMENT,5500,10.65,0.18,B,7,False,False
27,31200,0.0,MEDICAL,14000,18.09,0.45,F,6,True,True
27,31416,0.0,VENTURE,8000,11.12,0.25,B,5,False,False
32,31776,4.0,MEDICAL,3400,13.16,0.11,C,8,False,False
32,32000,2.0,VENTURE,4000,10.78,0.13,C,5,True,False
30,32004,4.0,VENTURE,5500,8.0,0.17,A,9,False,False
33,33600,3.0,VENTURE,9500,12.99,0.28,C,8,False,False
27,33600,5.0,EDUCATION,5400,5.42,0.16,A,6,False,False
27,34000,1.0,PERSONAL,16750,10.59,0.49,B,6,False,False
28,34000,5.0,MEDICAL,7000,13.35,0.21,C,8,True,False
27,34000,7.0,EDUCATION,8000,12.53,0.24,C,10,False,False
29,34000,2.0,VENTURE,14400,16.0,0.42,E,7,True,False
28,35000,3.0,VENTURE,10400,11.71,0.3,B,8,False,False
30,35000,8.0,MEDICAL,10000,10.65,0.29,B,6,False,False
28,35000,5.0,EDUCATION,10000,7.51,0.29,A,7,False,False
28,35000,6.0,VENTURE,5000,14.27,0.14,C,10,True,False
27,35000,2.0,EDUCATION,14000,7.49,0.4,A,8,False,False
28,35000,2.0,PERSONAL,13250,16.89,0.38,D,7,False,False
33,35000,4.0,VENTURE,10000,8.49,0.29,A,5,False,False
27,35000,4.0,VENTURE,7500,11.34,0.21,C,9,False,False
28,35004,7.0,EDUCATION,4000,11.49,0.11,B,10,False,False
35,36000,1.0,VENTURE,3925,9.99,0.11,B,5,False,False
28,36000,0.0,PERSONAL,2500,15.99,0.07,D,8,True,False
29,36000,2.0,VENTURE,2500,10.99,0.07,B,7,False,False
27,36000,4.0,MEDICAL,1050,14.72,0.03,C,5,True,False
29,36000,4.0,HOMEIMPROVEMENT,5300,7.14,0.15,A,6,False,False
35,36000,3.0,VENTURE,8000,12.53,0.22,B,10,False,False
33,36000,0.0,PERSONAL,10000,7.74,0.28,A,7,False,False
28,36960,6.0,HOMEIMPROVEMENT,15000,13.61,0.41,C,10,True,False
35,37000,1.0,EDUCATION,4650,6.62,0.13,A,8,False,False
34,37000,17.0,EDUCATION,5000,7.9,0.14,A,10,False,False
27,37000,3.0,MEDICAL,5000,9.91,0.14,B,6,False,False
27,37000,5.0,HOMEIMPROVEMENT,8000,10.99,0.22,B,10,False,False
29,37000,2.0,EDUCATION,2800,7.66,0.08,A,5,False,False
28,37584,2.0,MEDICAL,20000,11.48,0.53,B,5,False,False
31,38000,5.0,VENTURE,14000,9.91,0.37,B,5,False,False
32,38000,2.0,VENTURE,4000,14.65,0.11,C,9,False,False
28,38000,13.0,VENTURE,6425,5.42,0.17,A,8,False,False
31,38000,15.0,VENTURE,10400,11.49,0.27,B,10,False,False
33,38000,4.0,MEDICAL,10000,10.99,0.26,B,10,False,False
31,38000,1.0,PERSONAL,13750,15.21,0.36,D,5,False,False
34,38000,1.0,VENTURE,10000,8.94,0.26,A,6,False,False
32,38400,4.0,MEDICAL,2400,9.99,0.06,B,7,False,False
33,38400,1.0,EDUCATION,8000,15.58,0.21,D,7,True,False
29,38600,9.0,VENTURE,1600,12.84,0.04,C,7,True,False
33,39000,0.0,VENTURE,10000,12.42,0.26,B,7,False,False
27,39600,7.0,HOMEIMPROVEMENT,9900,6.54,0.25,A,5,False,False
31,39996,8.0,HOMEIMPROVEMENT,4000,14.35,0.1,C,9,True,False
28,40000,2.0,EDUCATION,3600,6.99,0.09,A,10,False,False
34,40000,2.0,EDUCATION,2000,10.74,0.05,B,6,False,False
35,40000,5.0,VENTURE,8000,7.66,0.2,A,6,False,False
33,40000,2.0,MEDICAL,14000,6.91,0.35,A,8,False,False
29,40000,0.0,MEDICAL,5000,5.42,0.13,A,10,False,False
34,40000,18.0,MEDICAL,8000,11.36,0.2,B,10,False,False
34,40000,7.0,MEDICAL,4200,6.76,0.1,A,7,False,False
27,40000,3.0,PERSONAL,5000,8.59,0.13,A,7,False,False
29,41000,6.0,MEDICAL,5000,11.99,0.12,B,5,False,False
33,41196,0.0,VENTURE,3300,12.99,0.08,C,7,False,False
35,41235,7.0,MEDICAL,3000,7.14,0.07,A,9,False,False
27,41500,11.0,VENTURE,4500,7.49,0.11,A,5,False,False
28,42000,4.0,PERSONAL,8000,15.96,0.19,C,7,False,False
27,42000,4.0,EDUCATION,10000,14.65,0.24,C,7,False,False
30,42000,7.0,EDUCATION,1200,6.62,0.03,A,8,False,False
30,42000,8.0,MEDICAL,8000,12.99,0.19,C,9,False,False
34,42000,1.0,VENTURE,22750,6.91,0.54,A,10,False,False
31,42000,0.0,HOMEIMPROVEMENT,7200,9.99,0.17,B,8,False,False
29,42000,13.0,MEDICAL,2500,6.76,0.06,A,5,False,False
27,42000,3.0,PERSONAL,8500,10.38,0.2,B,7,False,False
32,42000,0.0,PERSONAL,10400,11.14,0.25,B,9,False,False
28,42000,1.0,VENTURE,15000,13.47,0.36,C,9,False,False
28,42000,2.0,MEDICAL,6000,12.84,0.14,C,9,False,False
32,42000,15.0,MEDICAL,1800,10.2,0.04,B,9,False,False
29,42108,0.0,EDUCATION,2500,8.0,0.06,A,5,False,False
28,42240,2.0,MEDICAL,12000,11.86,0.28,B,6,False,False
31,42300,15.0,VENTURE,2000,6.92,0.05,A,9,False,False
34,42994,7.0,EDUCATION,7675,13.87,0.18,D,8,False,False
27,43200,2.0,VENTURE,5000,12.69,0.12,B,8,False,False
29,43200,13.0,PERSONAL,4625,5.42,0.11,A,6,False,False
30,43200,6.0,HOMEIMPROVEMENT,2000,10.99,0.05,B,9,False,False
28,43200,5.0,PERSONAL,12250,9.99,0.28,B,6,False,False
29,43680,0.0,DEBTCONSOLIDATION,10000,14.46,0.23,D,8,False,False
29,43800,13.0,HOMEIMPROVEMENT,4800,7.05,0.11,A,7,False,False
34,44000,2.0,VENTURE,10000,13.43,0.23,C,6,False,False
27,44000,4.0,PERSONAL,2000,13.35,0.05,C,5,False,False
28,44000,10.0,PERSONAL,7500,14.84,0.17,D,8,True,False
31,44000,6.0,HOMEIMPROVEMENT,17350,13.55,0.39,D,7,True,False
27,44630,10.0,MEDICAL,10825,10.99,0.24,B,8,False,False
28,44894,8.0,EDUCATION,3600,7.88,0.08,A,6,False,False
35,45000,6.0,VENTURE,10000,16.77,0.22,D,5,False,False
28,45000,11.0,MEDICAL,10500,15.96,0.23,C,8,False,False
27,45000,9.0,MEDICAL,12000,6.03,0.27,A,7,False,False
29,45000,0.0,MEDICAL,10000,17.58,0.22,D,6,True,False
34,45000,0.0,VENTURE,7000,5.42,0.16,A,5,False,False
29,45000,13.0,VENTURE,15000,11.49,0.33,B,8,False,False
27,45000,5.0,EDUCATION,15250,13.98,0.34,C,10,False,False
29,45000,13.0,PERSONAL,10000,7.88,0.22,A,10,False,False
29,45000,0.0,EDUCATION,6800,10.62,0.15,B,5,False,False
29,45000,4.0,VENTURE,20000,10.62,0.44,B,6,False,False
27,45000,3.0,PERSONAL,3500,11.14,0.08,B,8,False,False
27,45000,4.0,VENTURE,20000,12.84,0.44,C,10,False,False
29,45000,8.0,MEDICAL,8000,12.21,0.18,B,10,False,False
28,45678,12.0,PERSONAL,8000,15.58,0.18,D,10,False,False
30,46000,10.0,HOMEIMPROVEMENT,11200,14.27,0.24,C,10,True,False
30,46000,14.0,PERSONAL,6000,12.68,0.13,C,6,False,False
32,47000,8.0,VENTURE,6000,8.9,0.13,A,5,False,False
34,47000,8.0,VENTURE,14000,9.99,0.3,B,9,False,False
28,47000,5.0,DEBTCONSOLIDATION,13000,14.54,0.28,D,9,False,False
27,47232,10.0,MEDICAL,8000,5.42,0.17,A,9,False,False
28,47820,12.0,MEDICAL,6000,5.42,0.13,A,9,False,False
27,47900,1.0,VENTURE,7500,13.47,0.16,C,8,False,False
33,48000,5.0,VENTURE,14400,12.42,0.3,B,10,False,False
29,48000,0.0,VENTURE,6000,14.27,0.13,C,7,False,False
27,48000,3.0,VENTURE,24000,9.91,0.5,B,9,False,False
33,48000,11.0,HOMEIMPROVEMENT,10000,9.99,0.21,B,8,False,False
31,48000,0.0,HOMEIMPROVEMENT,1600,9.99,0.03,B,8,False,False
29,48000,6.0,HOMEIMPROVEMENT,8000,13.49,0.17,C,9,True,False
28,48000,1.0,HOMEIMPROVEMENT,12000,14.54,0.25,D,10,False,False
29,48000,1.0,PERSONAL,1850,10.74,0.04,B,7,False,False
27,48000,3.0,EDUCATION,4500,13.8,0.09,C,8,False,False
32,48000,5.0,EDUCATION,3000,5.79,0.06,A,7,False,False
32,48000,4.0,EDUCATION,8000,5.79,0.17,A,7,False,False
29,48000,3.0,PERSONAL,9600,12.23,0.2,C,8,True,False
35,48000,6.0,HOMEIMPROVEMENT,4200,13.61,0.09,C,7,False,False
31,48000,0.0,HOMEIMPROVEMENT,20000,10.62,0.42,B,7,False,False
30,48000,3.0,HOMEIMPROVEMENT,1500,13.48,0.03,C,5,True,False
27,48000,10.0,PERSONAL,6500,7.75,0.14,A,8,False,False
34,48989,10.0,EDUCATION,2400,7.14,0.05,A,5,False,False
28,49000,6.0,EDUCATION,19000,10.99,0.39,B,7,False,False
31,49000,15.0,EDUCATION,14000,13.99,0.29,C,10,False,False
30,49000,3.0,MEDICAL,3500,6.99,0.07,A,5,False,False
30,49000,7.0,PERSONAL,8500,12.18,0.17,B,8,False,False
27,49536,11.0,MEDICAL,12000,10.38,0.24,B,10,False,False
28,50000,12.0,VENTURE,6000,6.03,0.12,A,9,False,False
34,50000,0.0,VENTURE,16000,7.51,0.32,A,7,False,False
29,50000,3.0,HOMEIMPROVEMENT,4200,9.91,0.08,B,5,False,False
27,50000,8.0,VENTURE,12000,5.42,0.24,A,7,False,False
28,50000,3.0,EDUCATION,3200,8.49,0.06,A,5,False,False
29,50000,3.0,PERSONAL,6000,13.99,0.12,C,8,False,False
32,50000,16.0,HOMEIMPROVEMENT,8000,7.49,0.16,A,9,False,False
30,50000,3.0,EDUCATION,5000,5.99,0.1,A,7,False,False
29,50000,8.0,HOMEIMPROVEMENT,9725,12.12,0.19,B,6,False,False
35,50000,6.0,MEDICAL,13650,6.99,0.27,A,10,False,False
29,50000,6.0,MEDICAL,4000,5.42,0.08,A,8,False,False
28,50000,3.0,HOMEIMPROVEMENT,8500,14.83,0.17,D,5,True,False
30,50000,5.0,EDUCATION,5000,7.14,0.1,A,7,False,False
30,50000,4.0,DEBTCONSOLIDATION,10000,15.95,0.2,D,7,True,False
30,50000,4.0,VENTURE,3000,14.22,0.06,C,10,True,False
27,50000,8.0,EDUCATION,4500,14.61,0.09,D,6,False,False
33,50000,2.0,PERSONAL,1200,14.26,0.02,C,6,False,False
27,50000,3.0,MEDICAL,9000,12.53,0.18,C,8,False,False
33,50000,1.0,VENTURE,12000,13.99,0.24,D,7,True,False
27,50000,7.0,EDUCATION,8800,12.29,0.18,C,7,False,False
27,50000,9.0,EDUCATION,3000,7.75,0.06,A,6,False,False
28,50004,4.0,EDUCATION,10000,7.49,0.2,A,5,False,False
27,50004,5.0,MEDICAL,10200,10.37,0.2,B,10,False,False
28,50343,11.0,HOMEIMPROVEMENT,22000,7.49,0.44,A,5,False,False
29,50400,4.0,EDUCATION,9000,10.37,0.18,B,9,False,False
27,51000,11.0,PERSONAL,12000,7.49,0.24,A,7,False,False
27,51000,11.0,VENTURE,18000,7.49,0.35,A,8,False,False
27,51000,3.0,HOMEIMPROVEMENT,3500,7.88,0.07,A,5,False,False
31,51320,1.0,MEDICAL,5000,11.97,0.1,C,9,True,False
27,51456,3.0,PERSONAL,8000,10.62,0.16,B,7,False,False
30,51750,5.0,VENTURE,12000,11.14,0.23,B,10,False,False
27,51996,8.0,DEBTCONSOLIDATION,9600,14.09,0.18,D,9,False,False
35,51996,16.0,VENTURE,2000,6.17,0.04,A,8,False,False
28,52000,6.0,HOMEIMPROVEMENT,14000,12.42,0.27,B,10,False,False
35,52000,3.0,VENTURE,10400,9.99,0.2,B,7,False,False
32,52000,14.0,VENTURE,15000,6.91,0.29,A,6,False,False
29,52000,13.0,VENTURE,1000,13.23,0.02,C,8,False,False
27,52680,11.0,PERSONAL,8000,14.54,0.15,D,10,False,False
35,53000,1.0,PERSONAL,10000,15.27,0.19,C,6,True,False
28,53000,3.0,EDUCATION,7475,7.9,0.14,A,8,False,False
34,53000,9.0,HOMEIMPROVEMENT,9600,8.94,0.18,A,10,False,False
34,54000,8.0,MEDICAL,5000,10.62,0.09,B,7,False,False
27,54000,2.0,HOMEIMPROVEMENT,9600,12.18,0.18,B,8,False,False
27,54996,5.0,PERSONAL,16400,13.98,0.3,C,9,False,False
27,54996,2.0,HOMEIMPROVEMENT,8000,14.11,0.15,D,9,True,False
28,55000,13.0,PERSONAL,18000,7.9,0.33,A,6,False,False
28,55000,0.0,DEBTCONSOLIDATION,6700,16.77,0.12,D,7,True,False
27,55000,3.0,EDUCATION,4500,13.49,0.08,C,8,False,False
28,55000,7.0,VENTURE,20000,7.49,0.36,A,6,False,False
29,55000,4.0,VENTURE,10000,11.36,0.18,B,8,False,False
31,55000,15.0,PERSONAL,8000,7.51,0.15,A,8,False,False
33,55000,4.0,HOMEIMPROVEMENT,12000,7.51,0.22,A,9,False,False
30,55000,6.0,EDUCATION,21250,15.7,0.39,D,6,True,False
30,55000,2.0,EDUCATION,6500,10.99,0.12,B,9,False,False
32,55000,4.0,HOMEIMPROVEMENT,15250,16.35,0.28,E,6,True,False
32,55600,14.0,EDUCATION,8800,9.99,0.16,B,6,False,False
27,55600,2.0,EDUCATION,4200,10.37,0.08,B,9,False,False
27,56000,7.0,VENTURE,1000,14.65,0.02,C,8,False,False
29,56000,5.0,EDUCATION,9200,6.03,0.16,A,9,False,False
28,56000,10.0,HOMEIMPROVEMENT,12000,14.72,0.21,C,7,True,False
34,56000,0.0,MEDICAL,5600,11.86,0.1,B,7,False,False
33,56100,13.0,HOMEIMPROVEMENT,16000,6.03,0.29,A,8,False,False
34,56400,8.0,MEDICAL,12100,5.79,0.21,A,9,False,False
29,56700,14.0,MEDICAL,11000,10.62,0.19,B,6,False,False
32,56784,3.0,PERSONAL,12000,14.96,0.21,D,10,True,False
27,57000,11.0,EDUCATION,15000,6.03,0.26,A,6,False,False
29,57000,5.0,MEDICAL,5000,11.86,0.09,B,10,False,False
28,51000,2.0,DEBTCONSOLIDATION,20400,17.74,0.4,E,5,True,True
28,57000,7.0,PERSONAL,3500,11.83,0.06,B,6,False,False
27,57240,4.0,VENTURE,15000,11.99,0.26,B,6,False,False
29,57300,13.0,MEDICAL,12000,11.48,0.21,B,8,False,False
31,58000,6.0,PERSONAL,6200,10.65,0.11,B,6,False,False
30,58000,7.0,PERSONAL,6000,5.79,0.1,A,5,False,False
31,58000,15.0,MEDICAL,14500,13.06,0.25,C,7,False,False
34,58000,8.0,MEDICAL,3000,6.76,0.05,A,10,False,False
32,58000,3.0,VENTURE,8000,13.85,0.14,C,10,False,False
27,58000,4.0,EDUCATION,4000,11.14,0.07,B,10,False,False
31,58000,7.0,VENTURE,14000,12.87,0.24,C,9,False,False
29,58656,0.0,EDUCATION,8000,11.14,0.14,B,6,False,False
32,58800,16.0,PERSONAL,7000,13.99,0.12,C,7,False,False
34,59000,18.0,EDUCATION,5500,7.9,0.09,A,8,False,False
28,59000,12.0,MEDICAL,10000,7.49,0.17,A,6,False,False
32,59506,13.0,VENTURE,8000,16.07,0.13,D,7,False,False
28,60000,12.0,VENTURE,15000,15.96,0.25,C,9,True,False
33,60000,7.0,EDUCATION,12000,6.62,0.2,A,10,False,False
28,60000,1.0,HOMEIMPROVEMENT,5000,14.27,0.08,C,5,True,False
29,60000,1.0,PERSONAL,10000,10.99,0.17,B,10,False,False
28,60000,12.0,EDUCATION,7000,15.99,0.12,D,7,False,False
27,60000,4.0,HOMEIMPROVEMENT,10500,7.49,0.17,A,7,False,False
29,54000,11.0,MEDICAL,20000,18.79,0.37,E,5,True,True
31,60000,3.0,DEBTCONSOLIDATION,5000,16.49,0.08,D,9,False,False
28,60000,0.0,VENTURE,7000,11.11,0.12,B,5,False,False
28,60000,12.0,EDUCATION,7000,7.66,0.12,A,9,False,False
29,60000,9.0,PERSONAL,9000,12.23,0.15,C,10,False,False
27,60000,11.0,VENTURE,4000,13.98,0.07,C,7,True,False
27,60000,2.0,VENTURE,10000,10.38,0.17,B,6,False,False
29,60000,13.0,MEDICAL,9600,14.35,0.16,C,6,True,False
28,60000,7.0,MEDICAL,12000,7.51,0.2,A,5,False,False
30,60000,7.0,VENTURE,6000,14.84,0.1,D,6,True,False
35,60000,1.0,PERSONAL,5000,15.7,0.08,D,9,False,False
29,60000,13.0,VENTURE,1000,6.76,0.02,A,8,False,False
31,60000,0.0,EDUCATION,24250,12.18,0.4,B,7,False,False
29,60000,0.0,HOMEIMPROVEMENT,16000,16.0,0.27,D,8,True,False
27,60000,0.0,MEDICAL,7500,15.37,0.13,D,5,True,False
28,60000,0.0,PERSONAL,16000,12.72,0.27,C,7,False,False
33,60000,8.0,EDUCATION,8350,11.34,0.14,C,7,True,False
27,60000,11.0,DEBTCONSOLIDATION,18000,13.24,0.3,D,7,True,False
27,60000,4.0,MEDICAL,10425,9.45,0.17,B,8,False,False
34,61000,7.0,VENTURE,5000,5.42,0.08,A,6,False,False
28,61425,2.0,VENTURE,9000,5.99,0.15,A,7,False,False
29,61848,13.0,VENTURE,5000,10.38,0.08,B,10,False,False
29,62000,4.0,EDUCATION,15000,6.03,0.24,A,7,False,False
32,62000,1.0,EDUCATION,15000,12.18,0.24,B,6,False,False
33,62000,2.0,HOMEIMPROVEMENT,9800,13.79,0.16,C,10,True,False
35,62500,2.0,MEDICAL,1600,5.42,0.03,A,5,False,False
31,62500,0.0,VENTURE,3000,13.92,0.05,C,5,True,False
33,62910,3.0,PERSONAL,7075,17.58,0.11,D,8,False,False
33,63000,2.0,EDUCATION,12800,7.88,0.2,A,10,False,False
27,63000,2.0,MEDICAL,9500,8.07,0.15,A,6,False,False
29,63996,8.0,PERSONAL,12000,12.61,0.19,C,5,False,False
27,64000,11.0,VENTURE,5000,5.79,0.08,A,5,False,False
30,65000,1.0,HOMEIMPROVEMENT,1800,16.49,0.03,D,9,False,False
27,65000,6.0,EDUCATION,15000,6.99,0.23,A,5,False,False
32,65000,12.0,VENTURE,10000,11.99,0.15,B,5,False,False
28,65000,13.0,VENTURE,8000,7.66,0.12,A,7,False,False
32,65000,3.0,PERSONAL,12000,13.35,0.18,C,9,True,False
27,65000,8.0,MEDICAL,5000,7.88,0.08,A,5,False,False
28,65000,1.0,MEDICAL,2500,13.22,0.04,C,7,True,False
34,65000,2.0,PERSONAL,5600,8.0,0.09,A,6,False,False
28,65000,1.0,VENTURE,7500,10.96,0.12,B,5,False,False
28,65000,0.0,HOMEIMPROVEMENT,1450,9.76,0.02,B,6,False,False
27,65004,1.0,HOMEIMPROVEMENT,12000,12.09,0.18,C,7,False,False
30,65600,5.0,VENTURE,4000,12.68,0.06,C,7,True,False
33,66000,3.0,VENTURE,5600,10.99,0.08,B,9,False,False
29,66500,4.0,VENTURE,12000,6.99,0.18,A,8,False,False
29,67000,14.0,MEDICAL,3600,7.51,0.05,A,10,False,False
32,67000,12.0,HOMEIMPROVEMENT,20000,11.83,0.3,B,7,False,False
34,67656,18.0,VENTURE,11000,7.88,0.16,A,8,False,False
31,68000,1.0,VENTURE,8000,7.9,0.12,A,5,False,False
27,68000,11.0,PERSONAL,20000,7.9,0.29,A,9,False,False
28,68000,0.0,EDUCATION,12000,12.09,0.18,C,9,True,False
27,68400,0.0,EDUCATION,5000,12.99,0.07,C,8,False,False
27,68700,0.0,PERSONAL,10000,6.92,0.15,A,6,False,False
29,69000,11.0,PERSONAL,6000,11.12,0.09,B,5,False,False
28,69000,11.0,HOMEIMPROVEMENT,6000,11.86,0.09,B,9,False,False
34,63000,5.0,VENTURE,20500,20.9,0.33,G,8,True,True
27,69830,3.0,EDUCATION,15000,16.45,0.21,E,5,True,False
30,69996,14.0,VENTURE,6000,14.26,0.09,C,8,False,False
28,70000,6.0,VENTURE,14000,16.29,0.2,D,8,True,False
29,70000,13.0,PERSONAL,25000,15.62,0.36,D,9,True,False
32,70000,12.0,VENTURE,3000,7.49,0.04,A,5,False,False
34,70000,0.0,HOMEIMPROVEMENT,10000,10.99,0.14,B,9,False,False
27,70000,2.0,HOMEIMPROVEMENT,2250,10.36,0.03,B,7,False,False
29,70000,13.0,VENTURE,13000,6.91,0.19,A,8,False,False
32,70000,1.0,MEDICAL,14400,7.88,0.21,A,10,False,False
28,70000,7.0,VENTURE,8000,11.49,0.11,B,9,False,False
35,70000,6.0,VENTURE,17000,9.88,0.24,B,6,False,False
27,70000,0.0,PERSONAL,15000,12.84,0.21,C,10,False,False
28,70254,12.0,VENTURE,3500,6.62,0.05,A,9,False,False
29,71000,13.0,MEDICAL,14000,7.14,0.2,A,5,False,False
34,72000,2.0,MEDICAL,13150,6.03,0.18,A,10,False,False
27,72000,2.0,MEDICAL,10000,6.62,0.14,A,9,False,False
27,72000,2.0,EDUCATION,12000,9.99,0.17,B,9,False,False
28,72000,6.0,MEDICAL,25000,11.11,0.35,B,8,False,False
27,72000,10.0,VENTURE,10000,8.94,0.14,A,6,False,False
27,72000,4.0,EDUCATION,8000,11.09,0.11,C,9,True,False
28,73500,12.0,HOMEIMPROVEMENT,10000,9.88,0.14,B,10,False,False
30,74000,13.0,MEDICAL,10500,10.74,0.14,B,8,False,False
32,74000,3.0,PERSONAL,5000,10.62,0.07,B,10,False,False
28,74000,12.0,VENTURE,5450,12.67,0.07,D,6,True,False
34,74004,6.0,VENTURE,7200,6.62,0.1,A,7,False,False
29,74360,7.0,MEDICAL,8725,5.99,0.12,A,7,False,False
28,74600,12.0,PERSONAL,9500,10.78,0.13,C,9,False,False
34,74700,10.0,MEDICAL,14000,9.91,0.19,B,5,False,False
28,75000,11.0,EDUCATION,12000,12.69,0.16,B,5,False,False
29,75000,1.0,VENTURE,18000,12.42,0.24,B,9,False,False
30,75000,14.0,VENTURE,10000,14.27,0.13,C,6,True,False
29,75000,5.0,VENTURE,6000,12.69,0.08,B,7,False,False
27,75000,11.0,PERSONAL,16000,16.89,0.21,D,5,True,False
33,75000,5.0,HOMEIMPROVEMENT,17000,6.54,0.23,A,5,False,False
30,75000,0.0,EDUCATION,10000,7.88,0.13,A,5,False,False
29,75000,3.0,HOMEIMPROVEMENT,12000,7.51,0.16,A,5,False,False
35,75000,2.0,MEDICAL,25000,10.99,0.33,B,7,False,False
27,75000,11.0,HOMEIMPROVEMENT,6000,13.47,0.08,C,7,False,False
33,75000,17.0,PERSONAL,6000,7.68,0.08,A,7,False,False
27,75000,0.0,HOMEIMPROVEMENT,7500,8.38,0.1,A,6,False,False
29,75996,3.0,VENTURE,8000,10.74,0.11,B,10,False,False
29,77367,12.0,EDUCATION,1000,7.37,0.01,A,9,False,False
28,77500,3.0,EDUCATION,8000,8.49,0.1,A,7,False,False
28,78000,12.0,MEDICAL,5250,5.79,0.07,A,10,False,False
27,78000,3.0,MEDICAL,12000,15.58,0.15,D,7,False,False
35,40000,3.0,PERSONAL,11325,15.96,0.28,C,10,True,False
27,78000,4.0,VENTURE,6000,12.18,0.08,B,10,False,False
27,78000,2.0,PERSONAL,15000,8.94,0.19,A,7,False,False
28,78465,9.0,VENTURE,14000,11.36,0.18,B,10,False,False
27,79200,1.0,HOMEIMPROVEMENT,15000,17.14,0.19,E,8,False,False
32,40000,2.0,VENTURE,7000,12.68,0.17,C,10,True,False
28,40000,2.0,VENTURE,5000,10.0,0.13,B,5,False,False
35,40000,0.0,PERSONAL,5000,6.92,0.13,A,5,False,False
28,80000,12.0,EDUCATION,8400,7.9,0.1,A,5,False,False
35,80000,5.0,PERSONAL,15000,15.99,0.19,D,9,True,False
28,80000,1.0,MEDICAL,3000,6.54,0.04,A,9,False,False
31,80000,13.0,MEDICAL,12000,5.79,0.15,A,10,False,False
27,40000,11.0,EDUCATION,6400,9.32,0.16,A,6,False,False
32,80000,2.0,VENTURE,10000,11.14,0.13,B,9,False,False
27,80000,11.0,EDUCATION,5000,11.14,0.06,B,7,False,False
29,80000,0.0,VENTURE,24000,12.87,0.3,C,9,False,False
27,39996,1.0,VENTURE,8000,12.53,0.2,B,6,False,False
27,80000,2.0,PERSONAL,9000,12.21,0.11,B,8,False,False
30,80000,0.0,PERSONAL,8000,15.05,0.1,D,5,False,False
28,80000,2.0,HOMEIMPROVEMENT,16000,11.66,0.2,C,7,True,False
33,80000,12.0,HOMEIMPROVEMENT,9000,11.97,0.11,C,7,False,False
30,80256,11.0,VENTURE,24000,7.49,0.3,A,7,False,False
27,81000,4.0,VENTURE,9000,13.43,0.11,C,9,True,False
33,81000,4.0,PERSONAL,12000,6.17,0.15,A,8,False,False
27,39000,3.0,MEDICAL,9600,5.79,0.25,A,10,False,False
30,81120,3.0,EDUCATION,18000,10.75,0.22,B,10,False,False
29,75840,5.0,HOMEIMPROVEMENT,25000,21.27,0.33,G,6,False,True
29,39000,10.0,PERSONAL,9000,12.72,0.23,C,9,True,False
29,82000,5.0,PERSONAL,21000,14.65,0.26,C,5,True,False
33,82404,8.0,EDUCATION,14400,16.0,0.17,D,7,True,False
28,84000,8.0,VENTURE,25000,7.9,0.3,A,7,False,False
28,84000,12.0,VENTURE,25000,15.62,0.3,D,5,True,False
29,84000,13.0,PERSONAL,6000,5.42,0.07,A,5,False,False
35,84000,4.0,HOMEIMPROVEMENT,9000,6.76,0.11,A,6,False,False
29,84000,11.0,EDUCATION,15000,12.18,0.18,B,10,False,False
31,38000,8.0,EDUCATION,6600,13.47,0.17,C,5,False,False
27,38000,11.0,HOMEIMPROVEMENT,4000,7.68,0.11,A,9,False,False
30,38000,0.0,EDUCATION,6000,11.58,0.16,B,7,False,False
30,85000,12.0,VENTURE,7800,6.03,0.09,A,10,False,False
32,37440,0.0,MEDICAL,5000,15.37,0.13,D,5,False,False
27,85000,6.0,VENTURE,20000,7.88,0.24,A,6,False,False
27,85000,2.0,VENTURE,10000,13.23,0.12,C,7,False,False
27,37000,1.0,VENTURE,16750,15.33,0.45,D,10,True,False
28,36928,2.0,MEDICAL,7800,15.58,0.21,D,9,True,False
27,85000,10.0,VENTURE,19000,13.92,0.22,C,5,False,False
28,36400,3.0,PERSONAL,7000,11.11,0.19,B,9,False,False
31,85224,15.0,PERSONAL,6000,10.0,0.07,B,9,False,False
34,85800,11.0,VENTURE,5000,7.4,0.06,A,6,False,False
30,36000,6.0,MEDICAL,10000,12.69,0.28,B,10,False,False
31,86004,8.0,VENTURE,2000,10.74,0.02,B,6,False,False
31,86500,0.0,VENTURE,25000,13.57,0.29,C,9,False,False
28,36000,0.0,EDUCATION,2350,12.99,0.07,C,5,True,False
30,36000,14.0,HOMEIMPROVEMENT,4000,13.49,0.11,C,10,False,False
31,36000,15.0,VENTURE,5000,6.99,0.14,A,9,False,False
31,87000,7.0,HOMEIMPROVEMENT,15000,13.11,0.17,C,8,True,False
32,36000,3.0,EDUCATION,5000,10.0,0.14,B,6,False,False
28,87600,12.0,VENTURE,12000,12.99,0.14,C,6,False,False
27,88000,11.0,HOMEIMPROVEMENT,3500,13.57,0.04,C,8,True,False
27,89000,10.0,VENTURE,3000,6.76,0.03,A,6,False,False
32,36000,0.0,MEDICAL,4900,13.22,0.14,C,10,False,False
29,89520,13.0,MEDICAL,8000,13.23,0.09,C,10,False,False
27,90000,1.0,VENTURE,7500,7.51,0.08,A,6,False,False
28,90000,5.0,HOMEIMPROVEMENT,20000,15.28,0.22,D,6,True,False
29,35000,11.0,MEDICAL,4200,12.99,0.12,C,7,True,False
27,35000,2.0,HOMEIMPROVEMENT,6000,11.99,0.17,B,10,False,False
34,35000,2.0,EDUCATION,2000,13.99,0.06,C,8,False,False
28,90000,7.0,MEDICAL,8400,12.87,0.09,C,8,False,False
28,91000,11.0,VENTURE,7000,6.99,0.08,A,6,False,False
35,91000,6.0,VENTURE,5600,10.99,0.06,B,8,False,False
35,91000,0.0,EDUCATION,10000,8.59,0.11,A,9,False,False
34,35000,18.0,VENTURE,3000,10.62,0.09,B,8,False,False
29,35000,0.0,VENTURE,10000,12.87,0.29,C,8,True,False
28,34800,1.0,VENTURE,10000,12.99,0.29,C,9,False,False
27,34800,7.0,HOMEIMPROVEMENT,9500,7.51,0.27,A,10,False,False
33,34500,0.0,PERSONAL,10000,9.63,0.29,B,7,False,False
30,94104,15.0,VENTURE,14400,14.27,0.15,C,7,True,False
28,95000,3.0,VENTURE,4800,11.71,0.05,B,10,False,False
32,33600,0.0,EDUCATION,8000,16.02,0.24,D,7,False,False
27,33600,1.0,PERSONAL,21250,8.88,0.63,B,6,False,False
28,95000,4.0,HOMEIMPROVEMENT,25000,9.62,0.26,B,8,False,False
34,96000,2.0,VENTURE,12000,11.99,0.13,B,6,False,False
35,33000,0.0,EDUCATION,2000,13.98,0.06,C,6,True,False
31,33000,6.0,DEBTCONSOLIDATION,5000,14.96,0.15,D,6,False,False
31,96000,3.0,PERSONAL,10000,9.99,0.1,B,6,False,False
28,96000,12.0,PERSONAL,3000,9.63,0.03,B,7,False,False
28,33000,1.0,HOMEIMPROVEMENT,7500,15.31,0.23,D,6,True,False
27,96000,9.0,PERSONAL,5600,15.21,0.06,D,8,False,False
27,32500,3.0,PERSONAL,5000,6.62,0.15,A,8,False,False
28,96000,13.0,EDUCATION,15000,13.47,0.16,C,6,False,False
29,97000,3.0,VENTURE,12000,11.83,0.12,B,5,False,False
29,97000,3.0,MEDICAL,14600,15.65,0.15,D,9,False,False
31,98000,7.0,MEDICAL,5000,15.96,0.05,C,7,True,False
31,98000,10.0,HOMEIMPROVEMENT,5100,6.03,0.05,A,6,False,False
34,98000,19.0,EDUCATION,16000,10.99,0.16,B,5,False,False
29,32000,1.0,HOMEIMPROVEMENT,2100,6.91,0.07,A,5,False,False
29,98736,13.0,VENTURE,9000,11.89,0.09,B,6,False,False
28,100000,13.0,VENTURE,2000,14.27,0.02,C,5,True,False
28,31200,0.0,EDUCATION,4350,5.99,0.14,A,5,False,False
27,31200,2.0,HOMEIMPROVEMENT,6000,14.35,0.19,C,7,False,False
27,100000,5.0,VENTURE,6000,7.66,0.06,A,5,False,False
30,100000,0.0,EDUCATION,8000,7.29,0.08,A,8,False,False
27,31000,4.0,MEDICAL,12000,12.73,0.39,C,6,True,False
29,100000,13.0,HOMEIMPROVEMENT,10000,6.92,0.1,A,7,False,False
28,31000,0.0,HOMEIMPROVEMENT,1000,7.4,0.03,A,8,False,False
31,31000,0.0,PERSONAL,12500,8.94,0.4,A,8,False,False
28,100000,7.0,HOMEIMPROVEMENT,20000,12.68,0.2,C,6,True,False
33,31000,0.0,VENTURE,2500,8.38,0.08,A,9,False,False
35,31000,0.0,MEDICAL,4275,10.28,0.14,C,7,False,False
28,100000,5.0,VENTURE,11000,13.61,0.11,C,8,True,False
28,100000,7.0,MEDICAL,18000,13.92,0.18,C,9,True,False
33,100000,3.0,MEDICAL,25000,12.18,0.25,B,10,False,False
29,100000,0.0,VENTURE,15800,11.14,0.16,B,6,False,False
35,100000,9.0,VENTURE,10000,8.59,0.1,A,7,False,False
34,30000,3.0,HOMEIMPROVEMENT,8875,14.27,0.3,C,8,True,False
29,101000,6.0,HOMEIMPROVEMENT,12000,12.18,0.12,B,8,False,False
29,30000,0.0,VENTURE,4000,7.49,0.13,A,5,False,False
29,102000,10.0,MEDICAL,18000,9.33,0.18,B,7,False,False
31,30000,2.0,HOMEIMPROVEMENT,2950,10.75,0.1,B,7,False,False
27,30000,6.0,EDUCATION,1800,14.84,0.06,D,5,True,False
31,30000,6.0,VENTURE,2500,11.36,0.08,B,9,False,False
30,105000,14.0,HOMEIMPROVEMENT,15400,11.36,0.15,B,10,False,False
30,30000,4.0,PERSONAL,8000,15.7,0.27,D,10,True,False
31,30000,2.0,VENTURE,10000,7.88,0.33,A,5,False,False
27,106000,3.0,PERSONAL,16000,14.96,0.15,D,9,True,False
31,30000,0.0,HOMEIMPROVEMENT,5000,12.53,0.17,C,6,True,False
32,107400,2.0,MEDICAL,25000,15.21,0.23,D,10,False,False
32,107800,3.0,EDUCATION,5200,14.65,0.05,C,8,True,False
34,109000,14.0,HOMEIMPROVEMENT,15000,13.61,0.14,C,7,True,False
32,29000,0.0,PERSONAL,2000,8.49,0.07,A,8,False,False
27,28800,0.0,HOMEIMPROVEMENT,13000,6.92,0.45,A,10,False,False
28,110000,1.0,HOMEIMPROVEMENT,5000,17.51,0.05,E,10,False,False
27,110000,0.0,VENTURE,25000,16.32,0.23,D,7,True,False
30,110000,14.0,VENTURE,12000,13.57,0.11,C,7,True,False
32,110000,16.0,EDUCATION,9000,11.48,0.08,B,10,False,False
30,28000,14.0,MEDICAL,14400,12.18,0.51,B,5,False,False
33,112732,5.0,PERSONAL,5000,12.69,0.04,B,5,False,False
28,27600,2.0,HOMEIMPROVEMENT,6000,8.9,0.22,A,8,False,False
27,113400,6.0,VENTURE,2100,11.99,0.02,B,7,False,False
34,113500,4.0,HOMEIMPROVEMENT,3000,6.39,0.03,A,8,False,False
28,27504,4.0,PERSONAL,2000,11.12,0.07,B,8,False,False
32,27500,1.0,VENTURE,5000,14.59,0.18,D,10,True,False
29,115000,12.0,EDUCATION,35000,15.28,0.3,D,5,True,False
27,27000,1.0,VENTURE,6000,8.0,0.22,A,6,False,False
33,115000,2.0,VENTURE,14400,11.14,0.13,B,5,False,False
28,116000,7.0,VENTURE,12000,13.49,0.1,C,6,True,False
27,116000,3.0,MEDICAL,6000,7.29,0.05,A,7,False,False
35,26400,19.0,VENTURE,6600,5.99,0.25,A,8,False,False
29,117500,1.0,VENTURE,20000,6.17,0.17,A,9,False,False
33,26400,13.0,VENTURE,7000,11.36,0.27,B,9,False,False
34,26000,7.0,HOMEIMPROVEMENT,6000,12.42,0.23,B,8,False,False
29,26000,5.0,VENTURE,4500,11.71,0.17,B,5,False,False
27,119000,5.0,EDUCATION,5000,7.51,0.04,A,5,False,False
34,26000,0.0,MEDICAL,3000,8.49,0.12,A,9,False,False
28,26000,3.0,HOMEIMPROVEMENT,2500,7.49,0.1,A,8,False,False
28,120000,7.0,VENTURE,5000,10.65,0.04,B,6,False,False
27,120000,11.0,MEDICAL,4800,10.99,0.04,B,10,False,False
34,120000,4.0,VENTURE,7800,10.99,0.07,B,9,False,False
29,120000,10.0,PERSONAL,18000,11.49,0.15,B,10,False,False
29,120000,4.0,VENTURE,7000,8.49,0.06,A,7,False,False
30,120000,14.0,VENTURE,10000,13.06,0.08,C,8,True,False
29,120000,5.0,MEDICAL,8000,11.11,0.07,B,10,False,False
29,25000,8.0,MEDICAL,6500,13.49,0.26,C,9,False,False
29,120000,11.0,DEBTCONSOLIDATION,5000,14.09,0.04,D,6,True,False
33,120000,1.0,EDUCATION,6000,7.14,0.05,A,10,False,False
28,120000,1.0,PERSONAL,3600,14.84,0.03,D,9,False,False
29,120000,3.0,EDUCATION,7500,7.74,0.06,A,8,False,False
31,25000,4.0,HOMEIMPROVEMENT,3075,11.83,0.12,B,5,False,False
29,24996,2.0,VENTURE,8000,9.99,0.32,B,7,False,False
27,24840,0.0,MEDICAL,11500,8.49,0.46,A,6,False,False
28,123000,7.0,PERSONAL,4000,8.59,0.03,A,5,False,False
33,124000,10.0,PERSONAL,23500,14.96,0.19,D,6,True,False
31,24000,14.0,PERSONAL,2000,16.29,0.08,D,9,False,False
29,24000,3.0,PERSONAL,7200,7.51,0.3,A,6,False,False
31,125000,5.0,MEDICAL,30000,7.51,0.24,A,9,False,False
28,125000,4.0,PERSONAL,10000,7.51,0.08,A,8,False,False
27,24000,0.0,VENTURE,8500,5.42,0.35,A,6,False,False
27,125000,7.0,PERSONAL,13200,11.14,0.11,B,8,False,False
33,125000,17.0,PERSONAL,3000,7.75,0.02,A,8,False,False
32,24000,5.0,EDUCATION,2850,11.83,0.12,B,7,False,False
31,24000,0.0,EDUCATION,6200,11.14,0.26,B,8,False,False
27,130000,3.0,MEDICAL,15000,6.03,0.12,A,10,False,False
29,130000,7.0,VENTURE,7000,14.65,0.05,C,9,False,False
28,130000,10.0,EDUCATION,24000,11.83,0.18,B,10,False,False
33,135000,0.0,PERSONAL,6275,6.91,0.05,A,7,False,False
33,135000,0.0,PERSONAL,17500,11.83,0.13,B,8,False,False
28,140000,12.0,VENTURE,18000,16.29,0.13,D,7,False,False
29,140000,5.0,VENTURE,27000,9.91,0.19,B,7,False,False
28,140000,1.0,EDUCATION,17600,12.42,0.13,B,6,False,False
33,20988,2.0,PERSONAL,3600,11.71,0.17,B,5,False,False
27,140000,8.0,PERSONAL,28000,15.65,0.2,D,5,False,False
34,140000,13.0,EDUCATION,4000,7.88,0.03,A,7,False,False
34,128000,0.0,DEBTCONSOLIDATION,25000,17.39,0.2,E,5,False,True
27,140000,12.0,VENTURE,24100,11.83,0.17,B,10,False,False
29,142000,14.0,EDUCATION,24250,11.48,0.17,B,7,False,False
28,144000,11.0,MEDICAL,7000,15.99,0.05,D,10,True,False
31,20000,1.0,HOMEIMPROVEMENT,5000,8.59,0.25,A,8,False,False
29,20000,0.0,VENTURE,3000,8.0,0.15,A,5,False,False
27,19200,3.0,PERSONAL,8000,8.9,0.42,A,8,False,True
27,149616,0.0,MEDICAL,15000,11.03,0.1,C,10,False,False
28,19200,2.0,PERSONAL,4700,15.31,0.24,D,5,True,True
33,18720,0.0,DEBTCONSOLIDATION,3500,13.16,0.19,C,6,True,True
28,150000,12.0,HOMEIMPROVEMENT,8500,6.76,0.06,A,8,False,False
33,150000,14.0,VENTURE,21000,11.83,0.14,B,9,False,False
30,150000,14.0,PERSONAL,24000,11.83,0.16,B,5,False,False
33,150000,17.0,PERSONAL,20000,11.48,0.13,B,7,False,False
27,150000,0.0,EDUCATION,10000,8.59,0.07,A,6,False,False
28,18000,12.0,VENTURE,3500,14.22,0.19,C,5,False,True
29,153000,13.0,VENTURE,3000,10.74,0.02,B,8,False,False
35,154000,13.0,VENTURE,12000,6.92,0.08,A,5,False,False
32,155000,6.0,MEDICAL,15000,12.42,0.1,B,7,False,False
33,18000,17.0,MEDICAL,7000,8.0,0.39,A,9,False,True
28,157000,12.0,VENTURE,12000,13.92,0.08,C,9,True,False
27,157500,6.0,MEDICAL,25000,12.87,0.16,C,6,True,False
29,158000,13.0,EDUCATION,11000,8.49,0.07,A,6,False,False
35,158000,14.0,EDUCATION,10000,9.63,0.06,B,10,False,False
29,158000,1.0,MEDICAL,20000,6.54,0.13,A,5,False,False
29,159996,1.0,HOMEIMPROVEMENT,10000,11.86,0.06,B,7,False,False
35,160000,10.0,VENTURE,24000,11.83,0.15,B,9,False,False
28,160000,12.0,PERSONAL,23000,11.83,0.14,B,8,False,False
33,170000,15.0,HOMEIMPROVEMENT,21000,14.26,0.12,C,5,False,False
35,175000,19.0,MEDICAL,24000,12.73,0.14,C,10,False,False
31,200000,4.0,HOMEIMPROVEMENT,23500,10.99,0.12,B,5,False,False
29,200000,13.0,EDUCATION,23000,12.18,0.12,B,9,False,False
32,204000,16.0,EDUCATION,25000,11.12,0.12,B,5,False,False
31,235000,5.0,MEDICAL,11200,15.65,0.05,D,5,False,False
33,240000,15.0,PERSONAL,15000,13.16,0.06,C,10,True,False
29,242400,12.0,MEDICAL,35000,10.37,0.14,B,8,False,False
30,250000,8.0,MEDICAL,15000,15.99,0.06,D,8,True,False
30,300000,14.0,HOMEIMPROVEMENT,35000,10.59,0.12,B,10,False,False
33,300000,8.0,MEDICAL,25000,14.42,0.08,D,7,True,False
33,10080,11.0,VENTURE,7200,6.03,0.71,A,8,False,True
35,762000,8.0,MEDICAL,10000,8.94,0.01,A,10,False,False
29,50000,3.0,MEDICAL,4200,9.91,0.08,B,6,False,False
34,44000,2.0,EDUCATION,10000,13.43,0.23,C,9,True,False
30,110000,14.0,PERSONAL,12000,13.57,0.11,C,10,True,False
35,40000,5.0,VENTURE,8000,7.66,0.2,A,7,False,False
29,100000,13.0,PERSONAL,10000,6.92,0.1,A,8,False,False
32,40000,2.0,VENTURE,7000,12.68,0.17,C,5,False,False
33,14400,0.0,VENTURE,2000,14.79,0.14,C,10,False,False
27,39996,1.0,HOMEIMPROVEMENT,8000,12.53,0.2,B,5,False,False
31,24000,0.0,VENTURE,6200,11.14,0.26,B,10,False,False
27,51996,8.0,EDUCATION,9600,14.09,0.18,D,10,False,False
28,31000,0.0,PERSONAL,1000,7.4,0.03,A,7,False,False
27,45000,9.0,PERSONAL,12000,6.03,0.27,A,5,False,False
34,28000,1.0,HOMEIMPROVEMENT,3000,9.99,0.11,B,5,False,False
35,160000,10.0,VENTURE,24000,11.83,0.15,B,9,False,False
30,32004,4.0,VENTURE,5500,8.0,0.17,A,8,False,False
27,44630,10.0,VENTURE,10825,10.99,0.24,B,6,False,False
27,31200,0.0,HOMEIMPROVEMENT,14000,18.09,0.45,F,9,True,False
29,75000,3.0,HOMEIMPROVEMENT,12000,7.51,0.16,A,8,False,False
27,40000,11.0,PERSONAL,6400,9.32,0.16,A,9,False,False
28,51000,2.0,MEDICAL,20400,17.74,0.4,E,6,True,True
29,45000,0.0,MEDICAL,10000,17.58,0.22,D,6,True,False
32,44500,3.0,HOMEIMPROVEMENT,15000,7.51,0.34,A,5,False,False
30,81120,3.0,PERSONAL,18000,10.75,0.22,B,5,False,False
28,160000,12.0,VENTURE,23000,11.83,0.14,B,5,False,False
27,34000,1.0,EDUCATION,16750,10.59,0.49,B,6,False,False
29,35000,11.0,MEDICAL,4200,12.99,0.12,C,8,False,False
31,17676,1.0,VENTURE,2500,14.74,0.14,D,7,True,False
31,86500,0.0,PERSONAL,25000,13.57,0.29,C,10,True,False
28,209000,4.0,HOMEIMPROVEMENT,15000,14.84,0.07,D,8,False,False
35,762000,8.0,MEDICAL,10000,8.94,0.01,A,8,False,False
32,33600,0.0,VENTURE,8000,16.02,0.24,D,8,False,False
29,50000,8.0,VENTURE,9725,12.12,0.19,B,7,False,False
34,98000,19.0,MEDICAL,16000,10.99,0.16,B,10,False,False
35,91000,0.0,MEDICAL,10000,8.59,0.11,A,8,False,False
34,24000,4.0,VENTURE,2400,13.98,0.1,C,6,True,False
29,74360,7.0,EDUCATION,8725,5.99,0.12,A,5,False,False
30,38000,0.0,HOMEIMPROVEMENT,6000,11.58,0.16,B,8,False,False
30,60000,7.0,DEBTCONSOLIDATION,6000,14.84,0.1,D,5,True,False
30,105000,14.0,HOMEIMPROVEMENT,15400,11.36,0.15,B,8,False,False
30,49000,7.0,HOMEIMPROVEMENT,8500,12.18,0.17,B,10,False,False
27,63000,2.0,EDUCATION,9500,8.07,0.15,A,8,False,False
32,56784,3.0,MEDICAL,12000,14.96,0.21,D,5,True,False
28,42240,2.0,PERSONAL,12000,11.86,0.28,B,6,False,False
27,78000,4.0,MEDICAL,6000,12.18,0.08,B,5,False,False
28,13500,0.0,VENTURE,6700,9.63,0.5,A,8,False,True
27,90000,1.0,VENTURE,7500,7.51,0.08,A,10,False,False
31,60000,0.0,VENTURE,24250,12.18,0.4,B,5,False,False
33,135000,0.0,VENTURE,17500,11.83,0.13,B,5,False,False
28,33000,1.0,PERSONAL,7500,15.31,0.23,D,10,False,False
32,65000,3.0,EDUCATION,12000,13.35,0.18,C,10,False,False
32,50000,16.0,MEDICAL,8000,7.49,0.16,A,10,False,False
30,28000,5.0,HOMEIMPROVEMENT,6300,11.99,0.23,B,8,False,False
31,96000,3.0,VENTURE,10000,9.99,0.1,B,5,False,False
32,107800,3.0,PERSONAL,5200,14.65,0.05,C,9,False,False
35,250000,8.0,VENTURE,15000,9.88,0.06,B,9,False,False
27,51000,11.0,VENTURE,18000,7.49,0.35,A,6,False,False
29,120000,11.0,PERSONAL,5000,14.09,0.04,D,5,True,False
33,135000,0.0,HOMEIMPROVEMENT,6275,6.91,0.05,A,7,False,False
33,170000,15.0,MEDICAL,21000,14.26,0.12,C,9,False,False
35,40000,0.0,MEDICAL,5000,6.92,0.13,A,7,False,False
28,55000,13.0,MEDICAL,18000,7.9,0.33,A,10,False,False
30,300000,14.0,VENTURE,35000,10.59,0.12,B,5,False,False
34,48989,10.0,HOMEIMPROVEMENT,2400,7.14,0.05,A,7,False,False
27,57240,4.0,MEDICAL,15000,11.99,0.26,B,10,False,False
29,89520,13.0,EDUCATION,8000,13.23,0.09,C,5,True,False
31,20000,3.0,PERSONAL,5000,11.83,0.25,B,7,False,False
27,78200,4.0,MEDICAL,35000,17.99,0.38,E,7,True,True
29,97000,3.0,MEDICAL,12000,11.83,0.12,B,7,False,False
29,69000,11.0,MEDICAL,6000,11.12,0.09,B,8,False,False
30,50000,3.0,HOMEIMPROVEMENT,5000,5.99,0.1,A,10,False,False
27,150000,0.0,EDUCATION,10000,8.59,0.07,A,9,False,False
31,42000,0.0,HOMEIMPROVEMENT,7200,9.99,0.17,B,8,False,False
28,40000,2.0,MEDICAL,3600,6.99,0.09,A,10,False,False
29,158000,13.0,VENTURE,11000,8.49,0.07,A,7,False,False
29,45000,8.0,PERSONAL,8000,12.21,0.18,B,5,False,False
28,48000,1.0,EDUCATION,12000,14.54,0.25,D,7,False,False
33,21000,1.0,HOMEIMPROVEMENT,7750,11.83,0.37,B,7,False,False
34,38000,1.0,HOMEIMPROVEMENT,10000,8.94,0.26,A,9,False,False
29,25000,5.0,VENTURE,10000,13.49,0.4,C,6,True,False
35,80000,5.0,VENTURE,15000,15.99,0.19,D,5,True,False
29,40000,0.0,MEDICAL,5000,5.42,0.13,A,5,False,False
29,142000,14.0,PERSONAL,24250,11.48,0.17,B,8,False,False
27,47900,1.0,VENTURE,7500,13.47,0.16,C,6,False,False
36,1200000,16.0,MEDICAL,10000,6.54,0.01,A,11,False,False
46,336000,11.0,VENTURE,9000,11.49,0.03,B,13,False,False
36,200000,12.0,HOMEIMPROVEMENT,25000,15.2,0.13,D,13,True,False
36,14400,7.0,DEBTCONSOLIDATION,7000,5.42,0.49,A,16,False,True
37,186000,7.0,VENTURE,3000,6.39,0.02,A,17,False,False
36,15000,2.0,PERSONAL,5000,13.92,0.33,C,15,True,True
37,15000,0.0,VENTURE,5000,7.74,0.33,A,13,False,True
40,15600,2.0,EDUCATION,4000,15.7,0.26,D,13,True,True
38,16500,1.0,VENTURE,2000,13.23,0.12,C,11,False,False
48,16800,0.0,HOMEIMPROVEMENT,3300,10.99,0.2,B,14,False,True
38,17280,0.0,HOMEIMPROVEMENT,1000,16.29,0.06,D,11,False,False
36,17640,4.0,HOMEIMPROVEMENT,5875,7.9,0.33,A,12,False,True
39,17760,0.0,MEDICAL,4375,5.42,0.25,A,17,False,True
37,18000,4.0,PERSONAL,1500,13.47,0.08,C,13,False,False
37,20000,2.0,VENTURE,3000,12.69,0.15,B,17,False,False
43,20000,15.0,EDUCATION,5000,7.14,0.25,A,15,False,False
39,21600,0.0,MEDICAL,6000,6.03,0.28,A,12,False,False
38,21600,1.0,EDUCATION,4750,15.23,0.22,C,16,True,False
36,21600,0.0,VENTURE,2100,8.49,0.1,A,12,False,False
41,21600,1.0,HOMEIMPROVEMENT,3500,13.61,0.16,C,12,False,False
39,23000,6.0,MEDICAL,6400,8.9,0.28,A,14,False,False
45,23000,2.0,PERSONAL,7000,7.29,0.3,A,15,False,False
36,23004,0.0,VENTURE,12000,11.48,0.52,B,11,False,False
41,23396,5.0,HOMEIMPROVEMENT,10000,10.38,0.43,B,16,False,False
36,24000,5.0,VENTURE,4000,14.72,0.17,C,15,True,False
44,24000,5.0,EDUCATION,5000,14.74,0.21,D,15,True,False
37,26000,2.0,MEDICAL,6000,8.59,0.23,A,12,False,False
45,26748,8.0,MEDICAL,4000,7.88,0.15,A,12,False,False
36,26880,0.0,MEDICAL,4500,7.66,0.17,A,11,False,False
36,27000,4.0,HOMEIMPROVEMENT,6000,7.14,0.22,A,15,False,False
44,28000,0.0,VENTURE,3500,8.94,0.13,A,12,False,False
36,28800,0.0,HOMEIMPROVEMENT,5375,11.11,0.19,B,13,False,False
43,29004,3.0,MEDICAL,5000,7.88,0.17,A,11,False,False
39,29280,0.0,VENTURE,1800,7.37,0.06,A,11,False,False
36,29500,4.0,VENTURE,1250,11.83,0.04,B,15,False,False
39,29894,23.0,HOMEIMPROVEMENT,8000,9.63,0.27,B,17,False,False
37,30000,13.0,EDUCATION,4800,16.29,0.16,D,11,False,False
40,30000,4.0,HOMEIMPROVEMENT,5000,13.43,0.17,C,11,True,False
37,30480,1.0,MEDICAL,1200,11.99,0.04,B,15,False,False
37,32400,0.0,HOMEIMPROVEMENT,8000,15.99,0.25,D,11,False,False
42,35000,12.0,PERSONAL,2000,7.37,0.06,A,14,False,False
36,36000,11.0,VENTURE,15000,7.9,0.42,A,12,False,False
48,36000,24.0,VENTURE,8000,6.99,0.22,A,15,False,False
36,38400,5.0,PERSONAL,10000,6.17,0.26,A,13,False,False
37,39480,4.0,VENTURE,8000,8.49,0.2,A,13,False,False
40,39500,0.0,PERSONAL,10000,7.29,0.25,A,11,False,False
36,39520,14.0,VENTURE,5000,5.79,0.13,A,16,False,False
37,39960,21.0,PERSONAL,5600,6.54,0.14,A,16,False,False
39,40000,4.0,HOMEIMPROVEMENT,15000,5.42,0.38,A,13,False,False
38,40000,6.0,MEDICAL,9000,7.49,0.23,A,16,False,False
39,40000,4.0,VENTURE,1000,10.37,0.03,B,16,False,False
36,40000,2.0,PERSONAL,5000,7.88,0.13,A,12,False,False
50,40000,4.0,HOMEIMPROVEMENT,8000,7.88,0.2,A,14,False,False
36,40000,0.0,PERSONAL,5000,8.0,0.13,A,16,False,False
40,40008,20.0,PERSONAL,12000,11.71,0.3,B,15,False,False
46,40452,4.0,EDUCATION,4000,11.71,0.1,B,17,False,False
37,40800,4.0,PERSONAL,2875,11.99,0.07,B,14,False,False
37,40800,0.0,VENTURE,4000,13.49,0.1,C,14,True,False
39,40800,0.0,HOMEIMPROVEMENT,3500,8.59,0.09,A,14,False,False
42,42000,4.0,VENTURE,12000,6.03,0.29,A,15,False,False
38,42000,2.0,EDUCATION,5600,9.99,0.13,B,14,False,False
36,42000,2.0,MEDICAL,2000,15.62,0.05,C,13,True,False
39,42000,5.0,PERSONAL,8000,10.38,0.19,B,17,False,False
40,42996,15.0,MEDICAL,15000,16.0,0.35,D,16,True,False
38,43000,5.0,VENTURE,10000,7.51,0.23,A,12,False,False
41,43000,3.0,VENTURE,22800,12.21,0.53,B,11,False,False
47,44000,3.0,HOMEIMPROVEMENT,4000,11.14,0.09,B,16,False,False
43,44000,18.0,MEDICAL,8000,9.32,0.18,A,15,False,False
38,44000,2.0,VENTURE,7000,9.76,0.16,B,12,False,False
47,45000,10.0,MEDICAL,11200,6.62,0.25,A,12,False,False
37,45000,5.0,VENTURE,10800,6.03,0.24,A,14,False,False
36,45000,4.0,DEBTCONSOLIDATION,8000,14.74,0.18,D,13,True,False
37,45000,11.0,EDUCATION,12000,12.21,0.27,B,12,False,False
42,45000,0.0,VENTURE,5000,7.43,0.11,A,12,False,False
43,47000,2.0,VENTURE,10000,7.88,0.21,A,16,False,False
41,47000,2.0,PERSONAL,14000,7.88,0.3,A,12,False,False
46,47844,16.0,VENTURE,27175,8.49,0.57,A,13,False,False
37,48000,8.0,PERSONAL,2500,6.03,0.05,A,11,False,False
42,48000,0.0,PERSONAL,3500,14.35,0.07,C,12,False,False
39,48279,7.0,VENTURE,4800,13.98,0.1,C,13,False,False
43,50000,3.0,MEDICAL,5000,13.35,0.1,C,12,True,False
36,50000,1.0,HOMEIMPROVEMENT,15200,12.21,0.3,B,15,False,False
39,51000,12.0,EDUCATION,12000,11.34,0.24,C,17,False,False
50,51500,7.0,VENTURE,10875,7.49,0.21,A,14,False,False
36,51996,7.0,HOMEIMPROVEMENT,8500,11.49,0.16,B,16,False,False
38,52000,3.0,PERSONAL,8000,15.21,0.15,D,13,False,False
36,52000,8.0,VENTURE,3000,9.63,0.06,A,15,False,False
47,52000,2.0,VENTURE,5000,10.08,0.1,B,12,False,False
39,54996,6.0,VENTURE,5500,7.51,0.1,A,11,False,False
45,49000,5.0,MEDICAL,24250,19.03,0.49,E,11,True,True
38,55000,5.0,HOMEIMPROVEMENT,15600,7.9,0.28,A,15,False,False
39,55000,3.0,HOMEIMPROVEMENT,13000,13.98,0.24,C,14,False,False
40,55000,2.0,HOMEIMPROVEMENT,8000,11.36,0.15,B,17,False,False
43,55000,17.0,VENTURE,2000,12.53,0.04,B,11,False,False
42,55308,8.0,VENTURE,2000,11.49,0.04,B,15,False,False
46,60000,18.0,EDUCATION,4100,13.49,0.07,C,11,True,False
39,60000,7.0,VENTURE,6800,17.49,0.11,D,14,True,False
36,60000,0.0,PERSONAL,10225,17.51,0.17,E,13,True,False
41,60000,7.0,PERSONAL,12000,6.91,0.2,A,13,False,False
38,60000,2.0,VENTURE,6000,14.96,0.1,D,14,True,False
37,60000,15.0,HOMEIMPROVEMENT,5000,9.32,0.08,A,12,False,False
40,60000,5.0,VENTURE,12000,9.63,0.2,A,13,False,False
44,60000,11.0,PERSONAL,11800,8.63,0.2,A,12,False,False
42,61000,2.0,PERSONAL,14400,7.51,0.24,A,17,False,False
38,61450,6.0,VENTURE,12500,7.49,0.2,A,16,False,False
39,62000,3.0,PERSONAL,7200,7.49,0.12,A,12,False,False
38,62691,17.0,VENTURE,6000,13.49,0.1,C,13,True,False
38,63500,3.0,EDUCATION,2400,11.36,0.04,B,12,False,False
42,65000,6.0,EDUCATION,22750,8.9,0.35,A,12,False,False
43,65000,4.0,MEDICAL,15000,11.71,0.23,B,13,False,False
38,65000,12.0,HOMEIMPROVEMENT,3600,8.88,0.06,B,15,False,False
38,65000,3.0,PERSONAL,8000,10.62,0.12,B,14,False,False
40,66000,25.0,MEDICAL,6125,14.65,0.09,C,17,True,False
37,66150,11.0,PERSONAL,17000,12.73,0.26,C,17,False,False
43,68000,9.0,EDUCATION,5000,6.99,0.07,A,15,False,False
37,68000,20.0,VENTURE,7000,7.29,0.1,A,11,False,False
37,69000,12.0,HOMEIMPROVEMENT,12000,9.32,0.17,A,13,False,False
45,69600,11.0,VENTURE,6000,7.9,0.09,A,13,False,False
50,69996,19.0,VENTURE,8000,9.32,0.11,A,17,False,False
41,72000,1.0,HOMEIMPROVEMENT,10000,13.49,0.14,C,11,False,False
36,72000,5.0,VENTURE,6000,11.36,0.08,B,17,False,False
44,73500,2.0,VENTURE,20000,12.18,0.27,B,17,False,False
37,74400,21.0,VENTURE,7500,7.05,0.1,A,11,False,False
38,77250,4.0,VENTURE,3000,8.59,0.04,A,15,False,False
37,40000,6.0,PERSONAL,3000,9.91,0.07,B,15,False,False
39,80000,0.0,MEDICAL,5000,11.22,0.06,C,13,False,False
38,81000,4.0,EDUCATION,7000,9.99,0.09,B,11,False,False
38,82000,4.0,HOMEIMPROVEMENT,10000,11.99,0.12,B,13,False,False
39,84000,12.0,EDUCATION,9875,7.51,0.12,A,15,False,False
37,37000,5.0,VENTURE,6075,11.86,0.16,B,14,False,False
41,37000,0.0,VENTURE,10000,13.79,0.27,C,13,True,False
36,85000,2.0,EDUCATION,8000,14.96,0.09,D,14,False,False
37,85000,3.0,EDUCATION,10000,18.43,0.12,F,16,True,False
45,36700,7.0,PERSONAL,2000,7.51,0.05,A,16,False,False
46,85000,1.0,VENTURE,5000,7.43,0.06,A,13,False,False
44,36000,5.0,EDUCATION,4000,16.29,0.11,D,11,False,False
36,36000,4.0,MEDICAL,10000,16.29,0.28,D,17,True,False
40,36000,4.0,EDUCATION,2000,13.57,0.06,C,12,True,False
36,90000,4.0,HOMEIMPROVEMENT,3800,6.03,0.04,A,14,False,False
37,35000,2.0,PERSONAL,13250,11.71,0.38,B,14,False,False
41,90000,12.0,VENTURE,8000,7.51,0.09,A,16,False,False
36,35000,1.0,VENTURE,6000,11.49,0.17,B,13,False,False
39,35000,2.0,PERSONAL,6800,8.49,0.19,A,15,False,False
38,35000,5.0,EDUCATION,1800,16.49,0.05,D,12,True,False
37,92000,15.0,MEDICAL,12000,11.14,0.13,B,14,False,False
47,92000,0.0,HOMEIMPROVEMENT,12000,14.11,0.13,D,12,False,False
40,95000,12.0,HOMEIMPROVEMENT,5000,10.65,0.05,B,16,False,False
39,95000,6.0,HOMEIMPROVEMENT,8000,12.69,0.08,B,14,False,False
45,33600,14.0,VENTURE,4000,6.39,0.12,A,11,False,False
38,95000,6.0,HOMEIMPROVEMENT,14000,17.74,0.15,E,17,True,False
41,95000,2.0,HOMEIMPROVEMENT,21600,13.92,0.23,C,11,True,False
40,95892,19.0,MEDICAL,15000,12.18,0.16,B,14,False,False
38,32560,8.0,PERSONAL,6000,8.94,0.18,A,16,False,False
36,32000,4.0,EDUCATION,3600,13.49,0.11,C,11,True,False
37,32000,8.0,HOMEIMPROVEMENT,12150,6.62,0.38,A,13,False,False
36,32000,0.0,EDUCATION,1200,7.14,0.04,A,16,False,False
36,99500,5.0,VENTURE,4000,7.74,0.04,A,16,False,False
38,99996,22.0,HOMEIMPROVEMENT,25000,14.96,0.25,D,13,True,False
37,31200,1.0,VENTURE,6600,5.42,0.21,A,12,False,False
41,102000,5.0,EDUCATION,7000,6.92,0.07,A,12,False,False
36,105859,20.0,VENTURE,12000,11.99,0.11,B,15,False,False
46,107000,17.0,VENTURE,4000,13.49,0.04,C,14,False,False
44,30000,3.0,VENTURE,7500,10.39,0.25,B,11,False,False
47,109000,15.0,VENTURE,16000,7.05,0.15,A,14,False,False
38,110000,6.0,PERSONAL,12000,12.99,0.11,C,11,True,False
40,28000,18.0,VENTURE,1600,9.99,0.06,B,17,False,False
41,28000,9.0,EDUCATION,2000,7.74,0.07,A,16,False,False
40,28000,3.0,PERSONAL,12000,16.0,0.43,D,14,True,False
37,25000,2.0,VENTURE,5000,9.91,0.2,B,11,False,False
38,120000,11.0,VENTURE,23600,14.96,0.2,D,13,True,False
47,25000,2.0,PERSONAL,10750,14.22,0.43,C,16,True,False
36,120000,21.0,PERSONAL,10000,13.3,0.08,D,13,True,False
43,122000,20.0,MEDICAL,12000,11.83,0.1,B,11,False,False
41,24000,3.0,EDUCATION,4500,12.99,0.19,C,14,True,False
39,24000,0.0,HOMEIMPROVEMENT,3000,7.74,0.13,A,11,False,False
39,130000,13.0,HOMEIMPROVEMENT,25000,16.07,0.19,D,14,False,False
45,139380,4.0,HOMEIMPROVEMENT,9000,7.51,0.06,A,12,False,False
36,140000,13.0,VENTURE,20800,11.48,0.15,B,11,False,False
44,140000,14.0,VENTURE,21500,11.83,0.15,B,14,False,False
38,140000,13.0,VENTURE,24000,12.18,0.17,B,15,False,False
36,19200,0.0,HOMEIMPROVEMENT,4500,13.49,0.23,C,14,True,True
36,150000,8.0,VENTURE,7200,6.92,0.05,A,13,False,False
38,18720,22.0,VENTURE,2500,11.86,0.13,B,15,False,False
41,150000,10.0,VENTURE,24500,11.83,0.16,B,17,False,False
38,150000,0.0,VENTURE,24000,11.83,0.16,B,13,False,False
42,150750,0.0,PERSONAL,8150,6.99,0.05,A,17,False,False
36,160000,20.0,VENTURE,24000,14.96,0.15,D,14,True,False
47,178000,31.0,VENTURE,9000,10.99,0.05,B,17,False,False
41,180000,13.0,MEDICAL,14000,5.99,0.08,A,11,False,False
40,14400,10.0,HOMEIMPROVEMENT,8000,7.14,0.56,A,12,False,True
37,600000,11.0,HOMEIMPROVEMENT,16000,10.25,0.03,B,14,False,False
37,32400,0.0,EDUCATION,8000,15.99,0.25,D,12,False,False
39,84000,12.0,VENTURE,9875,7.51,0.12,A,14,False,False
38,110000,6.0,VENTURE,12000,12.99,0.11,C,11,False,False
38,18720,22.0,VENTURE,2500,11.86,0.13,B,16,False,False
36,26880,0.0,VENTURE,4500,7.66,0.17,A,14,False,False
44,140000,14.0,MEDICAL,21500,11.83,0.15,B,11,False,False
41,95000,2.0,MEDICAL,21600,13.92,0.23,C,12,True,False
41,21600,1.0,EDUCATION,3500,13.61,0.16,C,13,True,False
40,42996,15.0,EDUCATION,15000,16.0,0.35,D,17,True,False
42,65000,6.0,VENTURE,22750,8.9,0.35,A,17,False,False
38,60000,2.0,PERSONAL,6000,14.96,0.1,D,11,False,False
37,74400,21.0,VENTURE,7500,7.05,0.1,A,14,False,False
45,69600,11.0,VENTURE,6000,7.9,0.09,A,12,False,False
40,40000,12.0,MEDICAL,13750,8.88,0.34,B,14,False,False
42,48000,0.0,EDUCATION,3500,14.35,0.07,C,17,True,False
36,42000,2.0,VENTURE,2000,15.62,0.05,C,14,True,False
36,29500,4.0,HOMEIMPROVEMENT,1250,11.83,0.04,B,11,False,False
40,95000,12.0,MEDICAL,5000,10.65,0.05,B,11,False,False
37,186000,7.0,VENTURE,3000,6.39,0.02,A,13,False,False
46,336000,11.0,EDUCATION,9000,11.49,0.03,B,14,False,False
36,15000,2.0,HOMEIMPROVEMENT,5000,13.92,0.33,C,11,False,True
36,24000,5.0,VENTURE,4000,14.72,0.17,C,12,True,False
38,17280,0.0,VENTURE,1000,16.29,0.06,D,13,True,False
40,66000,25.0,PERSONAL,6125,14.65,0.09,C,13,False,False
38,95000,6.0,VENTURE,14000,17.74,0.15,E,17,True,False
36,160000,20.0,VENTURE,24000,14.96,0.15,D,15,True,False
39,40000,4.0,VENTURE,1000,10.37,0.03,B,16,False,False
41,24000,3.0,EDUCATION,4500,12.99,0.19,C,12,True,False
38,99996,22.0,MEDICAL,25000,14.96,0.25,D,11,False,False
51,16800,3.0,PERSONAL,1000,11.11,0.06,B,22,False,False
53,46000,9.0,PERSONAL,4925,11.71,0.11,B,28,False,False
54,48000,20.0,PERSONAL,6000,8.0,0.13,A,20,False,False
60,49008,5.0,PERSONAL,12000,13.79,0.24,C,30,True,False
52,52000,0.0,PERSONAL,9600,8.49,0.18,A,19,False,False
60,60000,5.0,PERSONAL,9000,13.8,0.15,C,27,False,False
52,69996,3.0,PERSONAL,12000,11.11,0.17,B,22,False,False
56,71884,11.0,PERSONAL,7425,9.99,0.1,B,22,False,False
60,72000,3.0,PERSONAL,10000,10.59,0.14,B,24,False,False
53,80000,8.0,PERSONAL,15000,6.62,0.19,A,24,False,False
53,95000,24.0,PERSONAL,6000,5.42,0.06,A,30,False,False
52,100000,4.0,PERSONAL,10000,9.88,0.1,B,25,False,False
52,29000,23.0,PERSONAL,7000,7.49,0.24,A,20,False,False
55,28800,1.0,PERSONAL,5000,15.33,0.17,D,22,False,False
53,46000,9.0,PERSONAL,4925,11.71,0.11,B,23,False,False
56,71884,11.0,PERSONAL,7425,9.99,0.1,B,24,False,False
60,49008,5.0,PERSONAL,12000,13.79,0.24,C,21,True,False
52,52000,0.0,PERSONAL,9600,8.49,0.18,A,22,False,False
